"labels","Time","Line","tsNs","id"
"{""__tenant_id__"":""fake"",""container"":""commerce-nmqv3-console-nmqv3worker"",""service"":""my-qa-commerce-nmqv3""}",1710756846469,"{""time"":""2024-03-18T10:14:06.469706531Z"",""stream"":""stdout"",""_ts"":""2024-03-18T10:14:06.4695444Z"",""_msg"":""2024-03-18T10:14:06.4694717Z [Information] 成功取得角標商品頁列表，ProductBadgeId:100，API回傳數量:32"",""_lvl"":""Information"",""_srctx"":""NMQ.Core.Router.ProcessPool.WorkerProcessPool"",""_lt"":""Common"",""_hid"":""commerce-nmqv3-console-nmqv3worker-59786bdfb-hxdpg"",""_props"":{""TaskId"":""2d15e4fe-dfcf-45cc-ac61-5f6a98e2f492"",""SourceId"":"""",""JobName"":""ProductBadgeArchiveJob"",""GroupName"":""commerce-nmqv3.group1"",""CorrelationId"":""2d15e4fe-dfcf-45cc-ac61-5f6a98e2f492"",""LogRootPath"":""D:\\logs\\nmq""},""source"":""commerce-nmqv3-console-nmqv3worker-59786bdfb-hxdpg"",""kube_namespace"":""my-qa-commerce-nmqv3"",""kube_container_name"":""commerce-nmqv3-console-nmqv3worker""}",1710756846469706531,1710756846469706531_86a94580
"{""__tenant_id__"":""fake"",""container"":""commerce-nmqv3-console-nmqv3worker"",""service"":""my-qa-commerce-nmqv3""}",1710756846425,"{""time"":""2024-03-18T10:14:06.425403317Z"",""stream"":""stdout"",""_ts"":""2024-03-18T10:14:06.4226919Z"",""_msg"":""2024-03-18T10:14:06.4226175Z [Information] 正在處理角標ID 100"",""_lvl"":""Information"",""_srctx"":""NMQ.Core.Router.ProcessPool.WorkerProcessPool"",""_lt"":""Common"",""_hid"":""commerce-nmqv3-console-nmqv3worker-59786bdfb-hxdpg"",""_props"":{""TaskId"":""2d15e4fe-dfcf-45cc-ac61-5f6a98e2f492"",""SourceId"":"""",""JobName"":""ProductBadgeArchiveJob"",""GroupName"":""commerce-nmqv3.group1"",""CorrelationId"":""2d15e4fe-dfcf-45cc-ac61-5f6a98e2f492"",""LogRootPath"":""D:\\logs\\nmq""},""source"":""commerce-nmqv3-console-nmqv3worker-59786bdfb-hxdpg"",""kube_namespace"":""my-qa-commerce-nmqv3"",""kube_container_name"":""commerce-nmqv3-console-nmqv3worker""}",1710756846425403317,1710756846425403317_6239bbc7
"{""__tenant_id__"":""fake"",""container"":""commerce-nmqv3-console-nmqv3worker"",""service"":""my-qa-commerce-nmqv3""}",1710756845469,"{""time"":""2024-03-18T10:14:05.469041737Z"",""stream"":""stdout"",""_ts"":""2024-03-18T10:14:05.4689070Z"",""_msg"":""2024-03-18T10:14:05.4688325Z [Information] 成功取得角標商品頁列表，ProductBadgeId:99，API回傳數量:32"",""_lvl"":""Information"",""_srctx"":""NMQ.Core.Router.ProcessPool.WorkerProcessPool"",""_lt"":""Common"",""_hid"":""commerce-nmqv3-console-nmqv3worker-59786bdfb-hxdpg"",""_props"":{""TaskId"":""2d15e4fe-dfcf-45cc-ac61-5f6a98e2f492"",""SourceId"":"""",""JobName"":""ProductBadgeArchiveJob"",""GroupName"":""commerce-nmqv3.group1"",""CorrelationId"":""2d15e4fe-dfcf-45cc-ac61-5f6a98e2f492"",""LogRootPath"":""D:\\logs\\nmq""},""source"":""commerce-nmqv3-console-nmqv3worker-59786bdfb-hxdpg"",""kube_namespace"":""my-qa-commerce-nmqv3"",""kube_container_name"":""commerce-nmqv3-console-nmqv3worker""}",1710756845469041737,1710756845469041737_bb052854
"{""__tenant_id__"":""fake"",""container"":""commerce-nmqv3-console-nmqv3worker"",""service"":""my-qa-commerce-nmqv3""}",1710756845423,"{""time"":""2024-03-18T10:14:05.423769639Z"",""stream"":""stdout"",""_ts"":""2024-03-18T10:14:05.4237239Z"",""_msg"":""2024-03-18T10:14:05.4236448Z [Information] 正在處理角標ID 99"",""_lvl"":""Information"",""_srctx"":""NMQ.Core.Router.ProcessPool.WorkerProcessPool"",""_lt"":""Common"",""_hid"":""commerce-nmqv3-console-nmqv3worker-59786bdfb-hxdpg"",""_props"":{""TaskId"":""2d15e4fe-dfcf-45cc-ac61-5f6a98e2f492"",""SourceId"":"""",""JobName"":""ProductBadgeArchiveJob"",""GroupName"":""commerce-nmqv3.group1"",""CorrelationId"":""2d15e4fe-dfcf-45cc-ac61-5f6a98e2f492"",""LogRootPath"":""D:\\logs\\nmq""},""source"":""commerce-nmqv3-console-nmqv3worker-59786bdfb-hxdpg"",""kube_namespace"":""my-qa-commerce-nmqv3"",""kube_container_name"":""commerce-nmqv3-console-nmqv3worker""}",1710756845423769639,1710756845423769639_7758fc7c
"{""__tenant_id__"":""fake"",""container"":""commerce-nmqv3-console-nmqv3worker"",""service"":""my-qa-commerce-nmqv3""}",1710756844570,"{""time"":""2024-03-18T10:14:04.570738963Z"",""stream"":""stdout"",""_ts"":""2024-03-18T10:14:04.5706457Z"",""_msg"":""2024-03-18T10:14:04.5705919Z [Information] 成功取得角標商品頁列表，ProductBadgeId:98，API回傳數量:32"",""_lvl"":""Information"",""_srctx"":""NMQ.Core.Router.ProcessPool.WorkerProcessPool"",""_lt"":""Common"",""_hid"":""commerce-nmqv3-console-nmqv3worker-59786bdfb-hxdpg"",""_props"":{""TaskId"":""2d15e4fe-dfcf-45cc-ac61-5f6a98e2f492"",""SourceId"":"""",""JobName"":""ProductBadgeArchiveJob"",""GroupName"":""commerce-nmqv3.group1"",""CorrelationId"":""2d15e4fe-dfcf-45cc-ac61-5f6a98e2f492"",""LogRootPath"":""D:\\logs\\nmq""},""source"":""commerce-nmqv3-console-nmqv3worker-59786bdfb-hxdpg"",""kube_namespace"":""my-qa-commerce-nmqv3"",""kube_container_name"":""commerce-nmqv3-console-nmqv3worker""}",1710756844570738963,1710756844570738963_4be2ad81
"{""__tenant_id__"":""fake"",""container"":""commerce-nmqv3-console-nmqv3worker"",""service"":""my-qa-commerce-nmqv3""}",1710756844516,"{""time"":""2024-03-18T10:14:04.516657708Z"",""stream"":""stdout"",""_ts"":""2024-03-18T10:14:04.5166281Z"",""_msg"":""2024-03-18T10:14:04.5165651Z [Information] 正在處理角標ID 98"",""_lvl"":""Information"",""_srctx"":""NMQ.Core.Router.ProcessPool.WorkerProcessPool"",""_lt"":""Common"",""_hid"":""commerce-nmqv3-console-nmqv3worker-59786bdfb-hxdpg"",""_props"":{""TaskId"":""2d15e4fe-dfcf-45cc-ac61-5f6a98e2f492"",""SourceId"":"""",""JobName"":""ProductBadgeArchiveJob"",""GroupName"":""commerce-nmqv3.group1"",""CorrelationId"":""2d15e4fe-dfcf-45cc-ac61-5f6a98e2f492"",""LogRootPath"":""D:\\logs\\nmq""},""source"":""commerce-nmqv3-console-nmqv3worker-59786bdfb-hxdpg"",""kube_namespace"":""my-qa-commerce-nmqv3"",""kube_container_name"":""commerce-nmqv3-console-nmqv3worker""}",1710756844516657708,1710756844516657708_90cd36b7
"{""__tenant_id__"":""fake"",""container"":""commerce-nmqv3-console-nmqv3worker"",""service"":""my-qa-commerce-nmqv3""}",1710756843581,"{""time"":""2024-03-18T10:14:03.581253945Z"",""stream"":""stdout"",""_ts"":""2024-03-18T10:14:03.5811323Z"",""_msg"":""2024-03-18T10:14:03.5810478Z [Information] 成功取得角標商品頁列表，ProductBadgeId:97，API回傳數量:32"",""_lvl"":""Information"",""_srctx"":""NMQ.Core.Router.ProcessPool.WorkerProcessPool"",""_lt"":""Common"",""_hid"":""commerce-nmqv3-console-nmqv3worker-59786bdfb-hxdpg"",""_props"":{""TaskId"":""2d15e4fe-dfcf-45cc-ac61-5f6a98e2f492"",""SourceId"":"""",""JobName"":""ProductBadgeArchiveJob"",""GroupName"":""commerce-nmqv3.group1"",""CorrelationId"":""2d15e4fe-dfcf-45cc-ac61-5f6a98e2f492"",""LogRootPath"":""D:\\logs\\nmq""},""source"":""commerce-nmqv3-console-nmqv3worker-59786bdfb-hxdpg"",""kube_namespace"":""my-qa-commerce-nmqv3"",""kube_container_name"":""commerce-nmqv3-console-nmqv3worker""}",1710756843581253945,1710756843581253945_4df4ef97
"{""__tenant_id__"":""fake"",""container"":""commerce-nmqv3-console-nmqv3worker"",""service"":""my-qa-commerce-nmqv3""}",1710756843533,"{""time"":""2024-03-18T10:14:03.533601137Z"",""stream"":""stdout"",""_ts"":""2024-03-18T10:14:03.5335675Z"",""_msg"":""2024-03-18T10:14:03.5334890Z [Information] 正在處理角標ID 97"",""_lvl"":""Information"",""_srctx"":""NMQ.Core.Router.ProcessPool.WorkerProcessPool"",""_lt"":""Common"",""_hid"":""commerce-nmqv3-console-nmqv3worker-59786bdfb-hxdpg"",""_props"":{""TaskId"":""2d15e4fe-dfcf-45cc-ac61-5f6a98e2f492"",""SourceId"":"""",""JobName"":""ProductBadgeArchiveJob"",""GroupName"":""commerce-nmqv3.group1"",""CorrelationId"":""2d15e4fe-dfcf-45cc-ac61-5f6a98e2f492"",""LogRootPath"":""D:\\logs\\nmq""},""source"":""commerce-nmqv3-console-nmqv3worker-59786bdfb-hxdpg"",""kube_namespace"":""my-qa-commerce-nmqv3"",""kube_container_name"":""commerce-nmqv3-console-nmqv3worker""}",1710756843533601137,1710756843533601137_874fcc13
"{""__tenant_id__"":""fake"",""container"":""commerce-nmqv3-console-nmqv3worker"",""service"":""my-qa-commerce-nmqv3""}",1710756842563,"{""time"":""2024-03-18T10:14:02.563438921Z"",""stream"":""stdout"",""_ts"":""2024-03-18T10:14:02.5633319Z"",""_msg"":""2024-03-18T10:14:02.5632557Z [Information] 成功取得角標商品頁列表，ProductBadgeId:96，API回傳數量:32"",""_lvl"":""Information"",""_srctx"":""NMQ.Core.Router.ProcessPool.WorkerProcessPool"",""_lt"":""Common"",""_hid"":""commerce-nmqv3-console-nmqv3worker-59786bdfb-hxdpg"",""_props"":{""TaskId"":""2d15e4fe-dfcf-45cc-ac61-5f6a98e2f492"",""SourceId"":"""",""JobName"":""ProductBadgeArchiveJob"",""GroupName"":""commerce-nmqv3.group1"",""CorrelationId"":""2d15e4fe-dfcf-45cc-ac61-5f6a98e2f492"",""LogRootPath"":""D:\\logs\\nmq""},""source"":""commerce-nmqv3-console-nmqv3worker-59786bdfb-hxdpg"",""kube_namespace"":""my-qa-commerce-nmqv3"",""kube_container_name"":""commerce-nmqv3-console-nmqv3worker""}",1710756842563438921,1710756842563438921_bf15b4ad
"{""__tenant_id__"":""fake"",""container"":""commerce-nmqv3-console-nmqv3worker"",""service"":""my-qa-commerce-nmqv3""}",1710756842513,"{""time"":""2024-03-18T10:14:02.513143108Z"",""stream"":""stdout"",""_ts"":""2024-03-18T10:14:02.5131103Z"",""_msg"":""2024-03-18T10:14:02.5130446Z [Information] 正在處理角標ID 96"",""_lvl"":""Information"",""_srctx"":""NMQ.Core.Router.ProcessPool.WorkerProcessPool"",""_lt"":""Common"",""_hid"":""commerce-nmqv3-console-nmqv3worker-59786bdfb-hxdpg"",""_props"":{""TaskId"":""2d15e4fe-dfcf-45cc-ac61-5f6a98e2f492"",""SourceId"":"""",""JobName"":""ProductBadgeArchiveJob"",""GroupName"":""commerce-nmqv3.group1"",""CorrelationId"":""2d15e4fe-dfcf-45cc-ac61-5f6a98e2f492"",""LogRootPath"":""D:\\logs\\nmq""},""source"":""commerce-nmqv3-console-nmqv3worker-59786bdfb-hxdpg"",""kube_namespace"":""my-qa-commerce-nmqv3"",""kube_container_name"":""commerce-nmqv3-console-nmqv3worker""}",1710756842513143107,1710756842513143107_e5796dcf
"{""__tenant_id__"":""fake"",""container"":""commerce-nmqv3-console-nmqv3worker"",""service"":""my-qa-commerce-nmqv3""}",1710756841410,"{""time"":""2024-03-18T10:14:01.410477389Z"",""stream"":""stdout"",""_ts"":""2024-03-18T10:14:01.4103764Z"",""_msg"":""2024-03-18T10:14:01.4102948Z [Information] 成功取得角標商品頁列表，ProductBadgeId:95，API回傳數量:32"",""_lvl"":""Information"",""_srctx"":""NMQ.Core.Router.ProcessPool.WorkerProcessPool"",""_lt"":""Common"",""_hid"":""commerce-nmqv3-console-nmqv3worker-59786bdfb-hxdpg"",""_props"":{""TaskId"":""2d15e4fe-dfcf-45cc-ac61-5f6a98e2f492"",""SourceId"":"""",""JobName"":""ProductBadgeArchiveJob"",""GroupName"":""commerce-nmqv3.group1"",""CorrelationId"":""2d15e4fe-dfcf-45cc-ac61-5f6a98e2f492"",""LogRootPath"":""D:\\logs\\nmq""},""source"":""commerce-nmqv3-console-nmqv3worker-59786bdfb-hxdpg"",""kube_namespace"":""my-qa-commerce-nmqv3"",""kube_container_name"":""commerce-nmqv3-console-nmqv3worker""}",1710756841410477389,1710756841410477389_f4cf5db7
"{""__tenant_id__"":""fake"",""container"":""commerce-nmqv3-console-nmqv3worker"",""service"":""my-qa-commerce-nmqv3""}",1710756841325,"{""time"":""2024-03-18T10:14:01.32593757Z"",""stream"":""stdout"",""_ts"":""2024-03-18T10:14:01.3259020Z"",""_msg"":""2024-03-18T10:14:01.3258318Z [Information] 正在處理角標ID 95"",""_lvl"":""Information"",""_srctx"":""NMQ.Core.Router.ProcessPool.WorkerProcessPool"",""_lt"":""Common"",""_hid"":""commerce-nmqv3-console-nmqv3worker-59786bdfb-hxdpg"",""_props"":{""TaskId"":""2d15e4fe-dfcf-45cc-ac61-5f6a98e2f492"",""SourceId"":"""",""JobName"":""ProductBadgeArchiveJob"",""GroupName"":""commerce-nmqv3.group1"",""CorrelationId"":""2d15e4fe-dfcf-45cc-ac61-5f6a98e2f492"",""LogRootPath"":""D:\\logs\\nmq""},""source"":""commerce-nmqv3-console-nmqv3worker-59786bdfb-hxdpg"",""kube_namespace"":""my-qa-commerce-nmqv3"",""kube_container_name"":""commerce-nmqv3-console-nmqv3worker""}",1710756841325937570,1710756841325937570_9e1f6084
"{""__tenant_id__"":""fake"",""container"":""commerce-nmqv3-console-nmqv3worker"",""service"":""my-qa-commerce-nmqv3""}",1710756840276,"{""time"":""2024-03-18T10:14:00.276240352Z"",""stream"":""stdout"",""_ts"":""2024-03-18T10:14:00.2761190Z"",""_msg"":""2024-03-18T10:14:00.2760459Z [Information] 成功取得角標商品頁列表，ProductBadgeId:94，API回傳數量:32"",""_lvl"":""Information"",""_srctx"":""NMQ.Core.Router.ProcessPool.WorkerProcessPool"",""_lt"":""Common"",""_hid"":""commerce-nmqv3-console-nmqv3worker-59786bdfb-hxdpg"",""_props"":{""TaskId"":""2d15e4fe-dfcf-45cc-ac61-5f6a98e2f492"",""SourceId"":"""",""JobName"":""ProductBadgeArchiveJob"",""GroupName"":""commerce-nmqv3.group1"",""CorrelationId"":""2d15e4fe-dfcf-45cc-ac61-5f6a98e2f492"",""LogRootPath"":""D:\\logs\\nmq""},""source"":""commerce-nmqv3-console-nmqv3worker-59786bdfb-hxdpg"",""kube_namespace"":""my-qa-commerce-nmqv3"",""kube_container_name"":""commerce-nmqv3-console-nmqv3worker""}",1710756840276240352,1710756840276240352_3003e25d
"{""__tenant_id__"":""fake"",""container"":""commerce-nmqv3-console-nmqv3worker"",""service"":""my-qa-commerce-nmqv3""}",1710756840221,"{""time"":""2024-03-18T10:14:00.221399525Z"",""stream"":""stdout"",""_ts"":""2024-03-18T10:14:00.2213642Z"",""_msg"":""2024-03-18T10:14:00.2213211Z [Information] 正在處理角標ID 94"",""_lvl"":""Information"",""_srctx"":""NMQ.Core.Router.ProcessPool.WorkerProcessPool"",""_lt"":""Common"",""_hid"":""commerce-nmqv3-console-nmqv3worker-59786bdfb-hxdpg"",""_props"":{""TaskId"":""2d15e4fe-dfcf-45cc-ac61-5f6a98e2f492"",""SourceId"":"""",""JobName"":""ProductBadgeArchiveJob"",""GroupName"":""commerce-nmqv3.group1"",""CorrelationId"":""2d15e4fe-dfcf-45cc-ac61-5f6a98e2f492"",""LogRootPath"":""D:\\logs\\nmq""},""source"":""commerce-nmqv3-console-nmqv3worker-59786bdfb-hxdpg"",""kube_namespace"":""my-qa-commerce-nmqv3"",""kube_container_name"":""commerce-nmqv3-console-nmqv3worker""}",1710756840221399525,1710756840221399525_72b9741c
"{""__tenant_id__"":""fake"",""container"":""commerce-nmqv3-console-nmqv3worker"",""service"":""my-qa-commerce-nmqv3""}",1710756839281,"{""time"":""2024-03-18T10:13:59.281856277Z"",""stream"":""stdout"",""_ts"":""2024-03-18T10:13:59.2817524Z"",""_msg"":""2024-03-18T10:13:59.2816744Z [Information] 成功取得角標商品頁列表，ProductBadgeId:93，API回傳數量:32"",""_lvl"":""Information"",""_srctx"":""NMQ.Core.Router.ProcessPool.WorkerProcessPool"",""_lt"":""Common"",""_hid"":""commerce-nmqv3-console-nmqv3worker-59786bdfb-hxdpg"",""_props"":{""TaskId"":""2d15e4fe-dfcf-45cc-ac61-5f6a98e2f492"",""SourceId"":"""",""JobName"":""ProductBadgeArchiveJob"",""GroupName"":""commerce-nmqv3.group1"",""CorrelationId"":""2d15e4fe-dfcf-45cc-ac61-5f6a98e2f492"",""LogRootPath"":""D:\\logs\\nmq""},""source"":""commerce-nmqv3-console-nmqv3worker-59786bdfb-hxdpg"",""kube_namespace"":""my-qa-commerce-nmqv3"",""kube_container_name"":""commerce-nmqv3-console-nmqv3worker""}",1710756839281856277,1710756839281856277_900b6cde
"{""__tenant_id__"":""fake"",""container"":""commerce-nmqv3-console-nmqv3worker"",""service"":""my-qa-commerce-nmqv3""}",1710756839220,"{""time"":""2024-03-18T10:13:59.220205172Z"",""stream"":""stdout"",""_ts"":""2024-03-18T10:13:59.2201699Z"",""_msg"":""2024-03-18T10:13:59.2200566Z [Information] 正在處理角標ID 93"",""_lvl"":""Information"",""_srctx"":""NMQ.Core.Router.ProcessPool.WorkerProcessPool"",""_lt"":""Common"",""_hid"":""commerce-nmqv3-console-nmqv3worker-59786bdfb-hxdpg"",""_props"":{""TaskId"":""2d15e4fe-dfcf-45cc-ac61-5f6a98e2f492"",""SourceId"":"""",""JobName"":""ProductBadgeArchiveJob"",""GroupName"":""commerce-nmqv3.group1"",""CorrelationId"":""2d15e4fe-dfcf-45cc-ac61-5f6a98e2f492"",""LogRootPath"":""D:\\logs\\nmq""},""source"":""commerce-nmqv3-console-nmqv3worker-59786bdfb-hxdpg"",""kube_namespace"":""my-qa-commerce-nmqv3"",""kube_container_name"":""commerce-nmqv3-console-nmqv3worker""}",1710756839220205172,1710756839220205172_ebd6b669
"{""__tenant_id__"":""fake"",""container"":""commerce-nmqv3-console-nmqv3worker"",""service"":""my-qa-commerce-nmqv3""}",1710756838192,"{""time"":""2024-03-18T10:13:58.192427273Z"",""stream"":""stdout"",""_ts"":""2024-03-18T10:13:58.1923094Z"",""_msg"":""2024-03-18T10:13:58.1922284Z [Information] 成功取得角標商品頁列表，ProductBadgeId:92，API回傳數量:32"",""_lvl"":""Information"",""_srctx"":""NMQ.Core.Router.ProcessPool.WorkerProcessPool"",""_lt"":""Common"",""_hid"":""commerce-nmqv3-console-nmqv3worker-59786bdfb-hxdpg"",""_props"":{""TaskId"":""2d15e4fe-dfcf-45cc-ac61-5f6a98e2f492"",""SourceId"":"""",""JobName"":""ProductBadgeArchiveJob"",""GroupName"":""commerce-nmqv3.group1"",""CorrelationId"":""2d15e4fe-dfcf-45cc-ac61-5f6a98e2f492"",""LogRootPath"":""D:\\logs\\nmq""},""source"":""commerce-nmqv3-console-nmqv3worker-59786bdfb-hxdpg"",""kube_namespace"":""my-qa-commerce-nmqv3"",""kube_container_name"":""commerce-nmqv3-console-nmqv3worker""}",1710756838192427273,1710756838192427273_2973f6ba
"{""__tenant_id__"":""fake"",""container"":""commerce-nmqv3-console-nmqv3worker"",""service"":""my-qa-commerce-nmqv3""}",1710756838133,"{""time"":""2024-03-18T10:13:58.133739158Z"",""stream"":""stdout"",""_ts"":""2024-03-18T10:13:58.1336969Z"",""_msg"":""2024-03-18T10:13:58.1335878Z [Information] 正在處理角標ID 92"",""_lvl"":""Information"",""_srctx"":""NMQ.Core.Router.ProcessPool.WorkerProcessPool"",""_lt"":""Common"",""_hid"":""commerce-nmqv3-console-nmqv3worker-59786bdfb-hxdpg"",""_props"":{""TaskId"":""2d15e4fe-dfcf-45cc-ac61-5f6a98e2f492"",""SourceId"":"""",""JobName"":""ProductBadgeArchiveJob"",""GroupName"":""commerce-nmqv3.group1"",""CorrelationId"":""2d15e4fe-dfcf-45cc-ac61-5f6a98e2f492"",""LogRootPath"":""D:\\logs\\nmq""},""source"":""commerce-nmqv3-console-nmqv3worker-59786bdfb-hxdpg"",""kube_namespace"":""my-qa-commerce-nmqv3"",""kube_container_name"":""commerce-nmqv3-console-nmqv3worker""}",1710756838133739158,1710756838133739158_1d85ca1e
"{""__tenant_id__"":""fake"",""container"":""commerce-nmqv3-console-nmqv3worker"",""service"":""my-qa-commerce-nmqv3""}",1710756837140,"{""time"":""2024-03-18T10:13:57.140147061Z"",""stream"":""stdout"",""_ts"":""2024-03-18T10:13:57.1400636Z"",""_msg"":""2024-03-18T10:13:57.1400123Z [Information] 成功取得角標商品頁列表，ProductBadgeId:91，API回傳數量:32"",""_lvl"":""Information"",""_srctx"":""NMQ.Core.Router.ProcessPool.WorkerProcessPool"",""_lt"":""Common"",""_hid"":""commerce-nmqv3-console-nmqv3worker-59786bdfb-hxdpg"",""_props"":{""TaskId"":""2d15e4fe-dfcf-45cc-ac61-5f6a98e2f492"",""SourceId"":"""",""JobName"":""ProductBadgeArchiveJob"",""GroupName"":""commerce-nmqv3.group1"",""CorrelationId"":""2d15e4fe-dfcf-45cc-ac61-5f6a98e2f492"",""LogRootPath"":""D:\\logs\\nmq""},""source"":""commerce-nmqv3-console-nmqv3worker-59786bdfb-hxdpg"",""kube_namespace"":""my-qa-commerce-nmqv3"",""kube_container_name"":""commerce-nmqv3-console-nmqv3worker""}",1710756837140147061,1710756837140147061_becdf5e0
"{""__tenant_id__"":""fake"",""container"":""commerce-nmqv3-console-nmqv3worker"",""service"":""my-qa-commerce-nmqv3""}",1710756837089,"{""time"":""2024-03-18T10:13:57.089964382Z"",""stream"":""stdout"",""_ts"":""2024-03-18T10:13:57.0899298Z"",""_msg"":""2024-03-18T10:13:57.0898742Z [Information] 正在處理角標ID 91"",""_lvl"":""Information"",""_srctx"":""NMQ.Core.Router.ProcessPool.WorkerProcessPool"",""_lt"":""Common"",""_hid"":""commerce-nmqv3-console-nmqv3worker-59786bdfb-hxdpg"",""_props"":{""TaskId"":""2d15e4fe-dfcf-45cc-ac61-5f6a98e2f492"",""SourceId"":"""",""JobName"":""ProductBadgeArchiveJob"",""GroupName"":""commerce-nmqv3.group1"",""CorrelationId"":""2d15e4fe-dfcf-45cc-ac61-5f6a98e2f492"",""LogRootPath"":""D:\\logs\\nmq""},""source"":""commerce-nmqv3-console-nmqv3worker-59786bdfb-hxdpg"",""kube_namespace"":""my-qa-commerce-nmqv3"",""kube_container_name"":""commerce-nmqv3-console-nmqv3worker""}",1710756837089964382,1710756837089964382_9ab68500
"{""__tenant_id__"":""fake"",""container"":""commerce-nmqv3-console-nmqv3worker"",""service"":""my-qa-commerce-nmqv3""}",1710756836122,"{""time"":""2024-03-18T10:13:56.122664408Z"",""stream"":""stdout"",""_ts"":""2024-03-18T10:13:56.1225577Z"",""_msg"":""2024-03-18T10:13:56.1224734Z [Information] 成功取得角標商品頁列表，ProductBadgeId:90，API回傳數量:32"",""_lvl"":""Information"",""_srctx"":""NMQ.Core.Router.ProcessPool.WorkerProcessPool"",""_lt"":""Common"",""_hid"":""commerce-nmqv3-console-nmqv3worker-59786bdfb-hxdpg"",""_props"":{""TaskId"":""2d15e4fe-dfcf-45cc-ac61-5f6a98e2f492"",""SourceId"":"""",""JobName"":""ProductBadgeArchiveJob"",""GroupName"":""commerce-nmqv3.group1"",""CorrelationId"":""2d15e4fe-dfcf-45cc-ac61-5f6a98e2f492"",""LogRootPath"":""D:\\logs\\nmq""},""source"":""commerce-nmqv3-console-nmqv3worker-59786bdfb-hxdpg"",""kube_namespace"":""my-qa-commerce-nmqv3"",""kube_container_name"":""commerce-nmqv3-console-nmqv3worker""}",1710756836122664408,1710756836122664408_9e9a52c4
"{""__tenant_id__"":""fake"",""container"":""commerce-nmqv3-console-nmqv3worker"",""service"":""my-qa-commerce-nmqv3""}",1710756836077,"{""time"":""2024-03-18T10:13:56.077215544Z"",""stream"":""stdout"",""_ts"":""2024-03-18T10:13:56.0771916Z"",""_msg"":""2024-03-18T10:13:56.0771484Z [Information] 正在處理角標ID 90"",""_lvl"":""Information"",""_srctx"":""NMQ.Core.Router.ProcessPool.WorkerProcessPool"",""_lt"":""Common"",""_hid"":""commerce-nmqv3-console-nmqv3worker-59786bdfb-hxdpg"",""_props"":{""TaskId"":""2d15e4fe-dfcf-45cc-ac61-5f6a98e2f492"",""SourceId"":"""",""JobName"":""ProductBadgeArchiveJob"",""GroupName"":""commerce-nmqv3.group1"",""CorrelationId"":""2d15e4fe-dfcf-45cc-ac61-5f6a98e2f492"",""LogRootPath"":""D:\\logs\\nmq""},""source"":""commerce-nmqv3-console-nmqv3worker-59786bdfb-hxdpg"",""kube_namespace"":""my-qa-commerce-nmqv3"",""kube_container_name"":""commerce-nmqv3-console-nmqv3worker""}",1710756836077215544,1710756836077215544_abb3e653
"{""__tenant_id__"":""fake"",""container"":""commerce-nmqv3-console-nmqv3worker"",""service"":""my-qa-commerce-nmqv3""}",1710756835130,"{""time"":""2024-03-18T10:13:55.1306902Z"",""stream"":""stdout"",""_ts"":""2024-03-18T10:13:55.1306082Z"",""_msg"":""2024-03-18T10:13:55.1305578Z [Information] 成功取得角標商品頁列表，ProductBadgeId:89，API回傳數量:32"",""_lvl"":""Information"",""_srctx"":""NMQ.Core.Router.ProcessPool.WorkerProcessPool"",""_lt"":""Common"",""_hid"":""commerce-nmqv3-console-nmqv3worker-59786bdfb-hxdpg"",""_props"":{""TaskId"":""2d15e4fe-dfcf-45cc-ac61-5f6a98e2f492"",""SourceId"":"""",""JobName"":""ProductBadgeArchiveJob"",""GroupName"":""commerce-nmqv3.group1"",""CorrelationId"":""2d15e4fe-dfcf-45cc-ac61-5f6a98e2f492"",""LogRootPath"":""D:\\logs\\nmq""},""source"":""commerce-nmqv3-console-nmqv3worker-59786bdfb-hxdpg"",""kube_namespace"":""my-qa-commerce-nmqv3"",""kube_container_name"":""commerce-nmqv3-console-nmqv3worker""}",1710756835130690200,1710756835130690200_45ed42e6
"{""__tenant_id__"":""fake"",""container"":""commerce-nmqv3-console-nmqv3worker"",""service"":""my-qa-commerce-nmqv3""}",1710756835073,"{""time"":""2024-03-18T10:13:55.073512462Z"",""stream"":""stdout"",""_ts"":""2024-03-18T10:13:55.0734690Z"",""_msg"":""2024-03-18T10:13:55.0734129Z [Information] 正在處理角標ID 89"",""_lvl"":""Information"",""_srctx"":""NMQ.Core.Router.ProcessPool.WorkerProcessPool"",""_lt"":""Common"",""_hid"":""commerce-nmqv3-console-nmqv3worker-59786bdfb-hxdpg"",""_props"":{""TaskId"":""2d15e4fe-dfcf-45cc-ac61-5f6a98e2f492"",""SourceId"":"""",""JobName"":""ProductBadgeArchiveJob"",""GroupName"":""commerce-nmqv3.group1"",""CorrelationId"":""2d15e4fe-dfcf-45cc-ac61-5f6a98e2f492"",""LogRootPath"":""D:\\logs\\nmq""},""source"":""commerce-nmqv3-console-nmqv3worker-59786bdfb-hxdpg"",""kube_namespace"":""my-qa-commerce-nmqv3"",""kube_container_name"":""commerce-nmqv3-console-nmqv3worker""}",1710756835073512462,1710756835073512462_2f355626
"{""__tenant_id__"":""fake"",""container"":""commerce-nmqv3-console-nmqv3worker"",""service"":""my-qa-commerce-nmqv3""}",1710756835070,"{""time"":""2024-03-18T10:13:55.070564716Z"",""stream"":""stdout"",""_ts"":""2024-03-18T10:13:55.0704791Z"",""_msg"":""2024-03-18T10:13:55.0704061Z [Information] 成功取得角標商品頁列表，ProductBadgeId:88，API回傳數量:0"",""_lvl"":""Information"",""_srctx"":""NMQ.Core.Router.ProcessPool.WorkerProcessPool"",""_lt"":""Common"",""_hid"":""commerce-nmqv3-console-nmqv3worker-59786bdfb-hxdpg"",""_props"":{""TaskId"":""2d15e4fe-dfcf-45cc-ac61-5f6a98e2f492"",""SourceId"":"""",""JobName"":""ProductBadgeArchiveJob"",""GroupName"":""commerce-nmqv3.group1"",""CorrelationId"":""2d15e4fe-dfcf-45cc-ac61-5f6a98e2f492"",""LogRootPath"":""D:\\logs\\nmq""},""source"":""commerce-nmqv3-console-nmqv3worker-59786bdfb-hxdpg"",""kube_namespace"":""my-qa-commerce-nmqv3"",""kube_container_name"":""commerce-nmqv3-console-nmqv3worker""}",1710756835070564716,1710756835070564716_a873e08a
"{""__tenant_id__"":""fake"",""container"":""commerce-nmqv3-console-nmqv3worker"",""service"":""my-qa-commerce-nmqv3""}",1710756835029,"{""time"":""2024-03-18T10:13:55.029520488Z"",""stream"":""stdout"",""_ts"":""2024-03-18T10:13:55.0294372Z"",""_msg"":""2024-03-18T10:13:55.0292696Z [Information] 正在處理角標ID 88"",""_lvl"":""Information"",""_srctx"":""NMQ.Core.Router.ProcessPool.WorkerProcessPool"",""_lt"":""Common"",""_hid"":""commerce-nmqv3-console-nmqv3worker-59786bdfb-hxdpg"",""_props"":{""TaskId"":""2d15e4fe-dfcf-45cc-ac61-5f6a98e2f492"",""SourceId"":"""",""JobName"":""ProductBadgeArchiveJob"",""GroupName"":""commerce-nmqv3.group1"",""CorrelationId"":""2d15e4fe-dfcf-45cc-ac61-5f6a98e2f492"",""LogRootPath"":""D:\\logs\\nmq""},""source"":""commerce-nmqv3-console-nmqv3worker-59786bdfb-hxdpg"",""kube_namespace"":""my-qa-commerce-nmqv3"",""kube_container_name"":""commerce-nmqv3-console-nmqv3worker""}",1710756835029520488,1710756835029520488_a0a71a1
"{""__tenant_id__"":""fake"",""container"":""commerce-nmqv3-console-nmqv3worker"",""service"":""my-qa-commerce-nmqv3""}",1710756833514,"{""time"":""2024-03-18T10:13:53.514428421Z"",""stream"":""stdout"",""_ts"":""2024-03-18T10:13:53.5143079Z"",""_msg"":""2024-03-18T10:13:53.5142243Z [Information] 成功取得角標商品頁列表，ProductBadgeId:87，API回傳數量:32"",""_lvl"":""Information"",""_srctx"":""NMQ.Core.Router.ProcessPool.WorkerProcessPool"",""_lt"":""Common"",""_hid"":""commerce-nmqv3-console-nmqv3worker-59786bdfb-hxdpg"",""_props"":{""TaskId"":""2d15e4fe-dfcf-45cc-ac61-5f6a98e2f492"",""SourceId"":"""",""JobName"":""ProductBadgeArchiveJob"",""GroupName"":""commerce-nmqv3.group1"",""CorrelationId"":""2d15e4fe-dfcf-45cc-ac61-5f6a98e2f492"",""LogRootPath"":""D:\\logs\\nmq""},""source"":""commerce-nmqv3-console-nmqv3worker-59786bdfb-hxdpg"",""kube_namespace"":""my-qa-commerce-nmqv3"",""kube_container_name"":""commerce-nmqv3-console-nmqv3worker""}",1710756833514428420,1710756833514428420_2b3825d5
"{""__tenant_id__"":""fake"",""container"":""commerce-nmqv3-console-nmqv3worker"",""service"":""my-qa-commerce-nmqv3""}",1710756833459,"{""time"":""2024-03-18T10:13:53.45982488Z"",""stream"":""stdout"",""_ts"":""2024-03-18T10:13:53.4597553Z"",""_msg"":""2024-03-18T10:13:53.4596209Z [Information] 正在處理角標ID 87"",""_lvl"":""Information"",""_srctx"":""NMQ.Core.Router.ProcessPool.WorkerProcessPool"",""_lt"":""Common"",""_hid"":""commerce-nmqv3-console-nmqv3worker-59786bdfb-hxdpg"",""_props"":{""TaskId"":""2d15e4fe-dfcf-45cc-ac61-5f6a98e2f492"",""SourceId"":"""",""JobName"":""ProductBadgeArchiveJob"",""GroupName"":""commerce-nmqv3.group1"",""CorrelationId"":""2d15e4fe-dfcf-45cc-ac61-5f6a98e2f492"",""LogRootPath"":""D:\\logs\\nmq""},""source"":""commerce-nmqv3-console-nmqv3worker-59786bdfb-hxdpg"",""kube_namespace"":""my-qa-commerce-nmqv3"",""kube_container_name"":""commerce-nmqv3-console-nmqv3worker""}",1710756833459824880,1710756833459824880_c46f463e
"{""__tenant_id__"":""fake"",""container"":""commerce-nmqv3-console-nmqv3worker"",""service"":""my-qa-commerce-nmqv3""}",1710756832423,"{""time"":""2024-03-18T10:13:52.423954609Z"",""stream"":""stdout"",""_ts"":""2024-03-18T10:13:52.4238237Z"",""_msg"":""2024-03-18T10:13:52.4237509Z [Information] 成功取得角標商品頁列表，ProductBadgeId:86，API回傳數量:32"",""_lvl"":""Information"",""_srctx"":""NMQ.Core.Router.ProcessPool.WorkerProcessPool"",""_lt"":""Common"",""_hid"":""commerce-nmqv3-console-nmqv3worker-59786bdfb-hxdpg"",""_props"":{""TaskId"":""2d15e4fe-dfcf-45cc-ac61-5f6a98e2f492"",""SourceId"":"""",""JobName"":""ProductBadgeArchiveJob"",""GroupName"":""commerce-nmqv3.group1"",""CorrelationId"":""2d15e4fe-dfcf-45cc-ac61-5f6a98e2f492"",""LogRootPath"":""D:\\logs\\nmq""},""source"":""commerce-nmqv3-console-nmqv3worker-59786bdfb-hxdpg"",""kube_namespace"":""my-qa-commerce-nmqv3"",""kube_container_name"":""commerce-nmqv3-console-nmqv3worker""}",1710756832423954609,1710756832423954609_fb7a663
"{""__tenant_id__"":""fake"",""container"":""commerce-nmqv3-console-nmqv3worker"",""service"":""my-qa-commerce-nmqv3""}",1710756832374,"{""time"":""2024-03-18T10:13:52.374912939Z"",""stream"":""stdout"",""_ts"":""2024-03-18T10:13:52.3748713Z"",""_msg"":""2024-03-18T10:13:52.3748160Z [Information] 正在處理角標ID 86"",""_lvl"":""Information"",""_srctx"":""NMQ.Core.Router.ProcessPool.WorkerProcessPool"",""_lt"":""Common"",""_hid"":""commerce-nmqv3-console-nmqv3worker-59786bdfb-hxdpg"",""_props"":{""TaskId"":""2d15e4fe-dfcf-45cc-ac61-5f6a98e2f492"",""SourceId"":"""",""JobName"":""ProductBadgeArchiveJob"",""GroupName"":""commerce-nmqv3.group1"",""CorrelationId"":""2d15e4fe-dfcf-45cc-ac61-5f6a98e2f492"",""LogRootPath"":""D:\\logs\\nmq""},""source"":""commerce-nmqv3-console-nmqv3worker-59786bdfb-hxdpg"",""kube_namespace"":""my-qa-commerce-nmqv3"",""kube_container_name"":""commerce-nmqv3-console-nmqv3worker""}",1710756832374912939,1710756832374912939_ede3ed4e
"{""__tenant_id__"":""fake"",""container"":""commerce-nmqv3-console-nmqv3worker"",""service"":""my-qa-commerce-nmqv3""}",1710756831483,"{""time"":""2024-03-18T10:13:51.483294906Z"",""stream"":""stdout"",""_ts"":""2024-03-18T10:13:51.4831584Z"",""_msg"":""2024-03-18T10:13:51.4830648Z [Information] 成功取得角標商品頁列表，ProductBadgeId:85，API回傳數量:32"",""_lvl"":""Information"",""_srctx"":""NMQ.Core.Router.ProcessPool.WorkerProcessPool"",""_lt"":""Common"",""_hid"":""commerce-nmqv3-console-nmqv3worker-59786bdfb-hxdpg"",""_props"":{""TaskId"":""2d15e4fe-dfcf-45cc-ac61-5f6a98e2f492"",""SourceId"":"""",""JobName"":""ProductBadgeArchiveJob"",""GroupName"":""commerce-nmqv3.group1"",""CorrelationId"":""2d15e4fe-dfcf-45cc-ac61-5f6a98e2f492"",""LogRootPath"":""D:\\logs\\nmq""},""source"":""commerce-nmqv3-console-nmqv3worker-59786bdfb-hxdpg"",""kube_namespace"":""my-qa-commerce-nmqv3"",""kube_container_name"":""commerce-nmqv3-console-nmqv3worker""}",1710756831483294906,1710756831483294906_e690e9ff
"{""__tenant_id__"":""fake"",""container"":""commerce-nmqv3-console-nmqv3worker"",""service"":""my-qa-commerce-nmqv3""}",1710756831434,"{""time"":""2024-03-18T10:13:51.434316097Z"",""stream"":""stdout"",""_ts"":""2024-03-18T10:13:51.4342763Z"",""_msg"":""2024-03-18T10:13:51.4342103Z [Information] 正在處理角標ID 85"",""_lvl"":""Information"",""_srctx"":""NMQ.Core.Router.ProcessPool.WorkerProcessPool"",""_lt"":""Common"",""_hid"":""commerce-nmqv3-console-nmqv3worker-59786bdfb-hxdpg"",""_props"":{""TaskId"":""2d15e4fe-dfcf-45cc-ac61-5f6a98e2f492"",""SourceId"":"""",""JobName"":""ProductBadgeArchiveJob"",""GroupName"":""commerce-nmqv3.group1"",""CorrelationId"":""2d15e4fe-dfcf-45cc-ac61-5f6a98e2f492"",""LogRootPath"":""D:\\logs\\nmq""},""source"":""commerce-nmqv3-console-nmqv3worker-59786bdfb-hxdpg"",""kube_namespace"":""my-qa-commerce-nmqv3"",""kube_container_name"":""commerce-nmqv3-console-nmqv3worker""}",1710756831434316097,1710756831434316097_522b9976
"{""__tenant_id__"":""fake"",""container"":""commerce-nmqv3-console-nmqv3worker"",""service"":""my-qa-commerce-nmqv3""}",1710756830602,"{""time"":""2024-03-18T10:13:50.602026145Z"",""stream"":""stdout"",""_ts"":""2024-03-18T10:13:50.6018791Z"",""_msg"":""2024-03-18T10:13:50.6017940Z [Information] 成功取得角標商品頁列表，ProductBadgeId:84，API回傳數量:32"",""_lvl"":""Information"",""_srctx"":""NMQ.Core.Router.ProcessPool.WorkerProcessPool"",""_lt"":""Common"",""_hid"":""commerce-nmqv3-console-nmqv3worker-59786bdfb-hxdpg"",""_props"":{""TaskId"":""2d15e4fe-dfcf-45cc-ac61-5f6a98e2f492"",""SourceId"":"""",""JobName"":""ProductBadgeArchiveJob"",""GroupName"":""commerce-nmqv3.group1"",""CorrelationId"":""2d15e4fe-dfcf-45cc-ac61-5f6a98e2f492"",""LogRootPath"":""D:\\logs\\nmq""},""source"":""commerce-nmqv3-console-nmqv3worker-59786bdfb-hxdpg"",""kube_namespace"":""my-qa-commerce-nmqv3"",""kube_container_name"":""commerce-nmqv3-console-nmqv3worker""}",1710756830602026145,1710756830602026145_b6f3da77
"{""__tenant_id__"":""fake"",""container"":""commerce-nmqv3-console-nmqv3worker"",""service"":""my-qa-commerce-nmqv3""}",1710756830530,"{""time"":""2024-03-18T10:13:50.530176048Z"",""stream"":""stdout"",""_ts"":""2024-03-18T10:13:50.5301469Z"",""_msg"":""2024-03-18T10:13:50.5301003Z [Information] 正在處理角標ID 84"",""_lvl"":""Information"",""_srctx"":""NMQ.Core.Router.ProcessPool.WorkerProcessPool"",""_lt"":""Common"",""_hid"":""commerce-nmqv3-console-nmqv3worker-59786bdfb-hxdpg"",""_props"":{""TaskId"":""2d15e4fe-dfcf-45cc-ac61-5f6a98e2f492"",""SourceId"":"""",""JobName"":""ProductBadgeArchiveJob"",""GroupName"":""commerce-nmqv3.group1"",""CorrelationId"":""2d15e4fe-dfcf-45cc-ac61-5f6a98e2f492"",""LogRootPath"":""D:\\logs\\nmq""},""source"":""commerce-nmqv3-console-nmqv3worker-59786bdfb-hxdpg"",""kube_namespace"":""my-qa-commerce-nmqv3"",""kube_container_name"":""commerce-nmqv3-console-nmqv3worker""}",1710756830530176047,1710756830530176047_95d80983
"{""__tenant_id__"":""fake"",""container"":""commerce-nmqv3-console-nmqv3worker"",""service"":""my-qa-commerce-nmqv3""}",1710756829524,"{""time"":""2024-03-18T10:13:49.524996211Z"",""stream"":""stdout"",""_ts"":""2024-03-18T10:13:49.5248758Z"",""_msg"":""2024-03-18T10:13:49.5247949Z [Information] 成功取得角標商品頁列表，ProductBadgeId:83，API回傳數量:32"",""_lvl"":""Information"",""_srctx"":""NMQ.Core.Router.ProcessPool.WorkerProcessPool"",""_lt"":""Common"",""_hid"":""commerce-nmqv3-console-nmqv3worker-59786bdfb-hxdpg"",""_props"":{""TaskId"":""2d15e4fe-dfcf-45cc-ac61-5f6a98e2f492"",""SourceId"":"""",""JobName"":""ProductBadgeArchiveJob"",""GroupName"":""commerce-nmqv3.group1"",""CorrelationId"":""2d15e4fe-dfcf-45cc-ac61-5f6a98e2f492"",""LogRootPath"":""D:\\logs\\nmq""},""source"":""commerce-nmqv3-console-nmqv3worker-59786bdfb-hxdpg"",""kube_namespace"":""my-qa-commerce-nmqv3"",""kube_container_name"":""commerce-nmqv3-console-nmqv3worker""}",1710756829524996211,1710756829524996211_2c20f6bd
"{""__tenant_id__"":""fake"",""container"":""commerce-nmqv3-console-nmqv3worker"",""service"":""my-qa-commerce-nmqv3""}",1710756829479,"{""time"":""2024-03-18T10:13:49.479780255Z"",""stream"":""stdout"",""_ts"":""2024-03-18T10:13:49.4797483Z"",""_msg"":""2024-03-18T10:13:49.4797018Z [Information] 正在處理角標ID 83"",""_lvl"":""Information"",""_srctx"":""NMQ.Core.Router.ProcessPool.WorkerProcessPool"",""_lt"":""Common"",""_hid"":""commerce-nmqv3-console-nmqv3worker-59786bdfb-hxdpg"",""_props"":{""TaskId"":""2d15e4fe-dfcf-45cc-ac61-5f6a98e2f492"",""SourceId"":"""",""JobName"":""ProductBadgeArchiveJob"",""GroupName"":""commerce-nmqv3.group1"",""CorrelationId"":""2d15e4fe-dfcf-45cc-ac61-5f6a98e2f492"",""LogRootPath"":""D:\\logs\\nmq""},""source"":""commerce-nmqv3-console-nmqv3worker-59786bdfb-hxdpg"",""kube_namespace"":""my-qa-commerce-nmqv3"",""kube_container_name"":""commerce-nmqv3-console-nmqv3worker""}",1710756829479780255,1710756829479780255_3c5f07c1
"{""__tenant_id__"":""fake"",""container"":""commerce-nmqv3-console-nmqv3worker"",""service"":""my-qa-commerce-nmqv3""}",1710756828683,"{""time"":""2024-03-18T10:13:48.683263798Z"",""stream"":""stdout"",""_ts"":""2024-03-18T10:13:48.6831387Z"",""_msg"":""2024-03-18T10:13:48.6830631Z [Information] 成功取得角標商品頁列表，ProductBadgeId:82，API回傳數量:32"",""_lvl"":""Information"",""_srctx"":""NMQ.Core.Router.ProcessPool.WorkerProcessPool"",""_lt"":""Common"",""_hid"":""commerce-nmqv3-console-nmqv3worker-59786bdfb-hxdpg"",""_props"":{""TaskId"":""2d15e4fe-dfcf-45cc-ac61-5f6a98e2f492"",""SourceId"":"""",""JobName"":""ProductBadgeArchiveJob"",""GroupName"":""commerce-nmqv3.group1"",""CorrelationId"":""2d15e4fe-dfcf-45cc-ac61-5f6a98e2f492"",""LogRootPath"":""D:\\logs\\nmq""},""source"":""commerce-nmqv3-console-nmqv3worker-59786bdfb-hxdpg"",""kube_namespace"":""my-qa-commerce-nmqv3"",""kube_container_name"":""commerce-nmqv3-console-nmqv3worker""}",1710756828683263798,1710756828683263798_36990e98
"{""__tenant_id__"":""fake"",""container"":""commerce-nmqv3-console-nmqv3worker"",""service"":""my-qa-commerce-nmqv3""}",1710756828623,"{""time"":""2024-03-18T10:13:48.623324021Z"",""stream"":""stdout"",""_ts"":""2024-03-18T10:13:48.6232872Z"",""_msg"":""2024-03-18T10:13:48.6232124Z [Information] 正在處理角標ID 82"",""_lvl"":""Information"",""_srctx"":""NMQ.Core.Router.ProcessPool.WorkerProcessPool"",""_lt"":""Common"",""_hid"":""commerce-nmqv3-console-nmqv3worker-59786bdfb-hxdpg"",""_props"":{""TaskId"":""2d15e4fe-dfcf-45cc-ac61-5f6a98e2f492"",""SourceId"":"""",""JobName"":""ProductBadgeArchiveJob"",""GroupName"":""commerce-nmqv3.group1"",""CorrelationId"":""2d15e4fe-dfcf-45cc-ac61-5f6a98e2f492"",""LogRootPath"":""D:\\logs\\nmq""},""source"":""commerce-nmqv3-console-nmqv3worker-59786bdfb-hxdpg"",""kube_namespace"":""my-qa-commerce-nmqv3"",""kube_container_name"":""commerce-nmqv3-console-nmqv3worker""}",1710756828623324021,1710756828623324021_a2a6e397
"{""__tenant_id__"":""fake"",""container"":""commerce-nmqv3-console-nmqv3worker"",""service"":""my-qa-commerce-nmqv3""}",1710756827827,"{""time"":""2024-03-18T10:13:47.827373872Z"",""stream"":""stdout"",""_ts"":""2024-03-18T10:13:47.8272388Z"",""_msg"":""2024-03-18T10:13:47.8271562Z [Information] 成功取得角標商品頁列表，ProductBadgeId:81，API回傳數量:32"",""_lvl"":""Information"",""_srctx"":""NMQ.Core.Router.ProcessPool.WorkerProcessPool"",""_lt"":""Common"",""_hid"":""commerce-nmqv3-console-nmqv3worker-59786bdfb-hxdpg"",""_props"":{""TaskId"":""2d15e4fe-dfcf-45cc-ac61-5f6a98e2f492"",""SourceId"":"""",""JobName"":""ProductBadgeArchiveJob"",""GroupName"":""commerce-nmqv3.group1"",""CorrelationId"":""2d15e4fe-dfcf-45cc-ac61-5f6a98e2f492"",""LogRootPath"":""D:\\logs\\nmq""},""source"":""commerce-nmqv3-console-nmqv3worker-59786bdfb-hxdpg"",""kube_namespace"":""my-qa-commerce-nmqv3"",""kube_container_name"":""commerce-nmqv3-console-nmqv3worker""}",1710756827827373872,1710756827827373872_12b9be7d
"{""__tenant_id__"":""fake"",""container"":""commerce-nmqv3-console-nmqv3worker"",""service"":""my-qa-commerce-nmqv3""}",1710756827759,"{""time"":""2024-03-18T10:13:47.759274124Z"",""stream"":""stdout"",""_ts"":""2024-03-18T10:13:47.7592198Z"",""_msg"":""2024-03-18T10:13:47.7591600Z [Information] 正在處理角標ID 81"",""_lvl"":""Information"",""_srctx"":""NMQ.Core.Router.ProcessPool.WorkerProcessPool"",""_lt"":""Common"",""_hid"":""commerce-nmqv3-console-nmqv3worker-59786bdfb-hxdpg"",""_props"":{""TaskId"":""2d15e4fe-dfcf-45cc-ac61-5f6a98e2f492"",""SourceId"":"""",""JobName"":""ProductBadgeArchiveJob"",""GroupName"":""commerce-nmqv3.group1"",""CorrelationId"":""2d15e4fe-dfcf-45cc-ac61-5f6a98e2f492"",""LogRootPath"":""D:\\logs\\nmq""},""source"":""commerce-nmqv3-console-nmqv3worker-59786bdfb-hxdpg"",""kube_namespace"":""my-qa-commerce-nmqv3"",""kube_container_name"":""commerce-nmqv3-console-nmqv3worker""}",1710756827759274124,1710756827759274124_2dcf91ec
"{""__tenant_id__"":""fake"",""container"":""commerce-nmqv3-console-nmqv3worker"",""service"":""my-qa-commerce-nmqv3""}",1710756826730,"{""time"":""2024-03-18T10:13:46.730860232Z"",""stream"":""stdout"",""_ts"":""2024-03-18T10:13:46.7307104Z"",""_msg"":""2024-03-18T10:13:46.7306270Z [Information] 成功取得角標商品頁列表，ProductBadgeId:80，API回傳數量:32"",""_lvl"":""Information"",""_srctx"":""NMQ.Core.Router.ProcessPool.WorkerProcessPool"",""_lt"":""Common"",""_hid"":""commerce-nmqv3-console-nmqv3worker-59786bdfb-hxdpg"",""_props"":{""TaskId"":""2d15e4fe-dfcf-45cc-ac61-5f6a98e2f492"",""SourceId"":"""",""JobName"":""ProductBadgeArchiveJob"",""GroupName"":""commerce-nmqv3.group1"",""CorrelationId"":""2d15e4fe-dfcf-45cc-ac61-5f6a98e2f492"",""LogRootPath"":""D:\\logs\\nmq""},""source"":""commerce-nmqv3-console-nmqv3worker-59786bdfb-hxdpg"",""kube_namespace"":""my-qa-commerce-nmqv3"",""kube_container_name"":""commerce-nmqv3-console-nmqv3worker""}",1710756826730860232,1710756826730860232_212887bb
"{""__tenant_id__"":""fake"",""container"":""commerce-nmqv3-console-nmqv3worker"",""service"":""my-qa-commerce-nmqv3""}",1710756826678,"{""time"":""2024-03-18T10:13:46.678535679Z"",""stream"":""stdout"",""_ts"":""2024-03-18T10:13:46.6784819Z"",""_msg"":""2024-03-18T10:13:46.6784190Z [Information] 正在處理角標ID 80"",""_lvl"":""Information"",""_srctx"":""NMQ.Core.Router.ProcessPool.WorkerProcessPool"",""_lt"":""Common"",""_hid"":""commerce-nmqv3-console-nmqv3worker-59786bdfb-hxdpg"",""_props"":{""TaskId"":""2d15e4fe-dfcf-45cc-ac61-5f6a98e2f492"",""SourceId"":"""",""JobName"":""ProductBadgeArchiveJob"",""GroupName"":""commerce-nmqv3.group1"",""CorrelationId"":""2d15e4fe-dfcf-45cc-ac61-5f6a98e2f492"",""LogRootPath"":""D:\\logs\\nmq""},""source"":""commerce-nmqv3-console-nmqv3worker-59786bdfb-hxdpg"",""kube_namespace"":""my-qa-commerce-nmqv3"",""kube_container_name"":""commerce-nmqv3-console-nmqv3worker""}",1710756826678535679,1710756826678535679_2e1f1b32
"{""__tenant_id__"":""fake"",""container"":""commerce-nmqv3-console-nmqv3worker"",""service"":""my-qa-commerce-nmqv3""}",1710756825586,"{""time"":""2024-03-18T10:13:45.586252912Z"",""stream"":""stdout"",""_ts"":""2024-03-18T10:13:45.5861128Z"",""_msg"":""2024-03-18T10:13:45.5860218Z [Information] 成功取得角標商品頁列表，ProductBadgeId:79，API回傳數量:32"",""_lvl"":""Information"",""_srctx"":""NMQ.Core.Router.ProcessPool.WorkerProcessPool"",""_lt"":""Common"",""_hid"":""commerce-nmqv3-console-nmqv3worker-59786bdfb-hxdpg"",""_props"":{""TaskId"":""2d15e4fe-dfcf-45cc-ac61-5f6a98e2f492"",""SourceId"":"""",""JobName"":""ProductBadgeArchiveJob"",""GroupName"":""commerce-nmqv3.group1"",""CorrelationId"":""2d15e4fe-dfcf-45cc-ac61-5f6a98e2f492"",""LogRootPath"":""D:\\logs\\nmq""},""source"":""commerce-nmqv3-console-nmqv3worker-59786bdfb-hxdpg"",""kube_namespace"":""my-qa-commerce-nmqv3"",""kube_container_name"":""commerce-nmqv3-console-nmqv3worker""}",1710756825586252912,1710756825586252912_64dc98f7
"{""__tenant_id__"":""fake"",""container"":""commerce-nmqv3-console-nmqv3worker"",""service"":""my-qa-commerce-nmqv3""}",1710756825483,"{""time"":""2024-03-18T10:13:45.483247718Z"",""stream"":""stdout"",""_ts"":""2024-03-18T10:13:45.4831643Z"",""_msg"":""2024-03-18T10:13:45.4830629Z [Information] 正在處理角標ID 79"",""_lvl"":""Information"",""_srctx"":""NMQ.Core.Router.ProcessPool.WorkerProcessPool"",""_lt"":""Common"",""_hid"":""commerce-nmqv3-console-nmqv3worker-59786bdfb-hxdpg"",""_props"":{""TaskId"":""2d15e4fe-dfcf-45cc-ac61-5f6a98e2f492"",""SourceId"":"""",""JobName"":""ProductBadgeArchiveJob"",""GroupName"":""commerce-nmqv3.group1"",""CorrelationId"":""2d15e4fe-dfcf-45cc-ac61-5f6a98e2f492"",""LogRootPath"":""D:\\logs\\nmq""},""source"":""commerce-nmqv3-console-nmqv3worker-59786bdfb-hxdpg"",""kube_namespace"":""my-qa-commerce-nmqv3"",""kube_container_name"":""commerce-nmqv3-console-nmqv3worker""}",1710756825483247718,1710756825483247718_bd9aa5c2
"{""__tenant_id__"":""fake"",""container"":""commerce-nmqv3-console-nmqv3worker"",""service"":""my-qa-commerce-nmqv3""}",1710756824068,"{""time"":""2024-03-18T10:13:44.068814452Z"",""stream"":""stdout"",""_ts"":""2024-03-18T10:13:44.0686803Z"",""_msg"":""2024-03-18T10:13:44.0685999Z [Information] 成功取得角標商品頁列表，ProductBadgeId:78，API回傳數量:32"",""_lvl"":""Information"",""_srctx"":""NMQ.Core.Router.ProcessPool.WorkerProcessPool"",""_lt"":""Common"",""_hid"":""commerce-nmqv3-console-nmqv3worker-59786bdfb-hxdpg"",""_props"":{""TaskId"":""2d15e4fe-dfcf-45cc-ac61-5f6a98e2f492"",""SourceId"":"""",""JobName"":""ProductBadgeArchiveJob"",""GroupName"":""commerce-nmqv3.group1"",""CorrelationId"":""2d15e4fe-dfcf-45cc-ac61-5f6a98e2f492"",""LogRootPath"":""D:\\logs\\nmq""},""source"":""commerce-nmqv3-console-nmqv3worker-59786bdfb-hxdpg"",""kube_namespace"":""my-qa-commerce-nmqv3"",""kube_container_name"":""commerce-nmqv3-console-nmqv3worker""}",1710756824068814452,1710756824068814452_86d1885b
"{""__tenant_id__"":""fake"",""container"":""commerce-nmqv3-console-nmqv3worker"",""service"":""my-qa-commerce-nmqv3""}",1710756824020,"{""time"":""2024-03-18T10:13:44.020412716Z"",""stream"":""stdout"",""_ts"":""2024-03-18T10:13:44.0203731Z"",""_msg"":""2024-03-18T10:13:44.0203166Z [Information] 正在處理角標ID 78"",""_lvl"":""Information"",""_srctx"":""NMQ.Core.Router.ProcessPool.WorkerProcessPool"",""_lt"":""Common"",""_hid"":""commerce-nmqv3-console-nmqv3worker-59786bdfb-hxdpg"",""_props"":{""TaskId"":""2d15e4fe-dfcf-45cc-ac61-5f6a98e2f492"",""SourceId"":"""",""JobName"":""ProductBadgeArchiveJob"",""GroupName"":""commerce-nmqv3.group1"",""CorrelationId"":""2d15e4fe-dfcf-45cc-ac61-5f6a98e2f492"",""LogRootPath"":""D:\\logs\\nmq""},""source"":""commerce-nmqv3-console-nmqv3worker-59786bdfb-hxdpg"",""kube_namespace"":""my-qa-commerce-nmqv3"",""kube_container_name"":""commerce-nmqv3-console-nmqv3worker""}",1710756824020412716,1710756824020412716_9ccb28ca
"{""__tenant_id__"":""fake"",""container"":""commerce-nmqv3-console-nmqv3worker"",""service"":""my-qa-commerce-nmqv3""}",1710756822824,"{""time"":""2024-03-18T10:13:42.824404827Z"",""stream"":""stdout"",""_ts"":""2024-03-18T10:13:42.8242781Z"",""_msg"":""2024-03-18T10:13:42.8241945Z [Information] 成功取得角標商品頁列表，ProductBadgeId:77，API回傳數量:32"",""_lvl"":""Information"",""_srctx"":""NMQ.Core.Router.ProcessPool.WorkerProcessPool"",""_lt"":""Common"",""_hid"":""commerce-nmqv3-console-nmqv3worker-59786bdfb-hxdpg"",""_props"":{""TaskId"":""2d15e4fe-dfcf-45cc-ac61-5f6a98e2f492"",""SourceId"":"""",""JobName"":""ProductBadgeArchiveJob"",""GroupName"":""commerce-nmqv3.group1"",""CorrelationId"":""2d15e4fe-dfcf-45cc-ac61-5f6a98e2f492"",""LogRootPath"":""D:\\logs\\nmq""},""source"":""commerce-nmqv3-console-nmqv3worker-59786bdfb-hxdpg"",""kube_namespace"":""my-qa-commerce-nmqv3"",""kube_container_name"":""commerce-nmqv3-console-nmqv3worker""}",1710756822824404827,1710756822824404827_417d7f89
"{""__tenant_id__"":""fake"",""container"":""commerce-nmqv3-console-nmqv3worker"",""service"":""my-qa-commerce-nmqv3""}",1710756822697,"{""time"":""2024-03-18T10:13:42.697675256Z"",""stream"":""stdout"",""_ts"":""2024-03-18T10:13:42.6976412Z"",""_msg"":""2024-03-18T10:13:42.6975922Z [Information] 正在處理角標ID 77"",""_lvl"":""Information"",""_srctx"":""NMQ.Core.Router.ProcessPool.WorkerProcessPool"",""_lt"":""Common"",""_hid"":""commerce-nmqv3-console-nmqv3worker-59786bdfb-hxdpg"",""_props"":{""TaskId"":""2d15e4fe-dfcf-45cc-ac61-5f6a98e2f492"",""SourceId"":"""",""JobName"":""ProductBadgeArchiveJob"",""GroupName"":""commerce-nmqv3.group1"",""CorrelationId"":""2d15e4fe-dfcf-45cc-ac61-5f6a98e2f492"",""LogRootPath"":""D:\\logs\\nmq""},""source"":""commerce-nmqv3-console-nmqv3worker-59786bdfb-hxdpg"",""kube_namespace"":""my-qa-commerce-nmqv3"",""kube_container_name"":""commerce-nmqv3-console-nmqv3worker""}",1710756822697675256,1710756822697675256_e694aaea
"{""__tenant_id__"":""fake"",""container"":""commerce-nmqv3-console-nmqv3worker"",""service"":""my-qa-commerce-nmqv3""}",1710756821662,"{""time"":""2024-03-18T10:13:41.662885875Z"",""stream"":""stdout"",""_ts"":""2024-03-18T10:13:41.6627786Z"",""_msg"":""2024-03-18T10:13:41.6627151Z [Information] 成功取得角標商品頁列表，ProductBadgeId:76，API回傳數量:32"",""_lvl"":""Information"",""_srctx"":""NMQ.Core.Router.ProcessPool.WorkerProcessPool"",""_lt"":""Common"",""_hid"":""commerce-nmqv3-console-nmqv3worker-59786bdfb-hxdpg"",""_props"":{""TaskId"":""2d15e4fe-dfcf-45cc-ac61-5f6a98e2f492"",""SourceId"":"""",""JobName"":""ProductBadgeArchiveJob"",""GroupName"":""commerce-nmqv3.group1"",""CorrelationId"":""2d15e4fe-dfcf-45cc-ac61-5f6a98e2f492"",""LogRootPath"":""D:\\logs\\nmq""},""source"":""commerce-nmqv3-console-nmqv3worker-59786bdfb-hxdpg"",""kube_namespace"":""my-qa-commerce-nmqv3"",""kube_container_name"":""commerce-nmqv3-console-nmqv3worker""}",1710756821662885875,1710756821662885875_f97a4e68
"{""__tenant_id__"":""fake"",""container"":""commerce-nmqv3-console-nmqv3worker"",""service"":""my-qa-commerce-nmqv3""}",1710756821600,"{""time"":""2024-03-18T10:13:41.60031088Z"",""stream"":""stdout"",""_ts"":""2024-03-18T10:13:41.6002596Z"",""_msg"":""2024-03-18T10:13:41.6002182Z [Information] 正在處理角標ID 76"",""_lvl"":""Information"",""_srctx"":""NMQ.Core.Router.ProcessPool.WorkerProcessPool"",""_lt"":""Common"",""_hid"":""commerce-nmqv3-console-nmqv3worker-59786bdfb-hxdpg"",""_props"":{""TaskId"":""2d15e4fe-dfcf-45cc-ac61-5f6a98e2f492"",""SourceId"":"""",""JobName"":""ProductBadgeArchiveJob"",""GroupName"":""commerce-nmqv3.group1"",""CorrelationId"":""2d15e4fe-dfcf-45cc-ac61-5f6a98e2f492"",""LogRootPath"":""D:\\logs\\nmq""},""source"":""commerce-nmqv3-console-nmqv3worker-59786bdfb-hxdpg"",""kube_namespace"":""my-qa-commerce-nmqv3"",""kube_container_name"":""commerce-nmqv3-console-nmqv3worker""}",1710756821600310880,1710756821600310880_bfd9c709
"{""__tenant_id__"":""fake"",""container"":""commerce-nmqv3-console-nmqv3worker"",""service"":""my-qa-commerce-nmqv3""}",1710756820284,"{""time"":""2024-03-18T10:13:40.284163013Z"",""stream"":""stdout"",""_ts"":""2024-03-18T10:13:40.2840312Z"",""_msg"":""2024-03-18T10:13:40.2839487Z [Information] 成功取得角標商品頁列表，ProductBadgeId:75，API回傳數量:32"",""_lvl"":""Information"",""_srctx"":""NMQ.Core.Router.ProcessPool.WorkerProcessPool"",""_lt"":""Common"",""_hid"":""commerce-nmqv3-console-nmqv3worker-59786bdfb-hxdpg"",""_props"":{""TaskId"":""2d15e4fe-dfcf-45cc-ac61-5f6a98e2f492"",""SourceId"":"""",""JobName"":""ProductBadgeArchiveJob"",""GroupName"":""commerce-nmqv3.group1"",""CorrelationId"":""2d15e4fe-dfcf-45cc-ac61-5f6a98e2f492"",""LogRootPath"":""D:\\logs\\nmq""},""source"":""commerce-nmqv3-console-nmqv3worker-59786bdfb-hxdpg"",""kube_namespace"":""my-qa-commerce-nmqv3"",""kube_container_name"":""commerce-nmqv3-console-nmqv3worker""}",1710756820284163013,1710756820284163013_d233495c
"{""__tenant_id__"":""fake"",""container"":""commerce-nmqv3-console-nmqv3worker"",""service"":""my-qa-commerce-nmqv3""}",1710756820236,"{""time"":""2024-03-18T10:13:40.23612639Z"",""stream"":""stdout"",""_ts"":""2024-03-18T10:13:40.2360504Z"",""_msg"":""2024-03-18T10:13:40.2359596Z [Information] 正在處理角標ID 75"",""_lvl"":""Information"",""_srctx"":""NMQ.Core.Router.ProcessPool.WorkerProcessPool"",""_lt"":""Common"",""_hid"":""commerce-nmqv3-console-nmqv3worker-59786bdfb-hxdpg"",""_props"":{""TaskId"":""2d15e4fe-dfcf-45cc-ac61-5f6a98e2f492"",""SourceId"":"""",""JobName"":""ProductBadgeArchiveJob"",""GroupName"":""commerce-nmqv3.group1"",""CorrelationId"":""2d15e4fe-dfcf-45cc-ac61-5f6a98e2f492"",""LogRootPath"":""D:\\logs\\nmq""},""source"":""commerce-nmqv3-console-nmqv3worker-59786bdfb-hxdpg"",""kube_namespace"":""my-qa-commerce-nmqv3"",""kube_container_name"":""commerce-nmqv3-console-nmqv3worker""}",1710756820236126390,1710756820236126390_3a5ce0bf
"{""__tenant_id__"":""fake"",""container"":""commerce-nmqv3-console-nmqv3worker"",""service"":""my-qa-commerce-nmqv3""}",1710756818919,"{""time"":""2024-03-18T10:13:38.919633066Z"",""stream"":""stdout"",""_ts"":""2024-03-18T10:13:38.9195025Z"",""_msg"":""2024-03-18T10:13:38.9194135Z [Information] 成功取得角標商品頁列表，ProductBadgeId:74，API回傳數量:32"",""_lvl"":""Information"",""_srctx"":""NMQ.Core.Router.ProcessPool.WorkerProcessPool"",""_lt"":""Common"",""_hid"":""commerce-nmqv3-console-nmqv3worker-59786bdfb-hxdpg"",""_props"":{""TaskId"":""2d15e4fe-dfcf-45cc-ac61-5f6a98e2f492"",""SourceId"":"""",""JobName"":""ProductBadgeArchiveJob"",""GroupName"":""commerce-nmqv3.group1"",""CorrelationId"":""2d15e4fe-dfcf-45cc-ac61-5f6a98e2f492"",""LogRootPath"":""D:\\logs\\nmq""},""source"":""commerce-nmqv3-console-nmqv3worker-59786bdfb-hxdpg"",""kube_namespace"":""my-qa-commerce-nmqv3"",""kube_container_name"":""commerce-nmqv3-console-nmqv3worker""}",1710756818919633066,1710756818919633066_8dbca803
"{""__tenant_id__"":""fake"",""container"":""commerce-nmqv3-console-nmqv3worker"",""service"":""my-qa-commerce-nmqv3""}",1710756818860,"{""time"":""2024-03-18T10:13:38.860561444Z"",""stream"":""stdout"",""_ts"":""2024-03-18T10:13:38.8604909Z"",""_msg"":""2024-03-18T10:13:38.8603835Z [Information] 正在處理角標ID 74"",""_lvl"":""Information"",""_srctx"":""NMQ.Core.Router.ProcessPool.WorkerProcessPool"",""_lt"":""Common"",""_hid"":""commerce-nmqv3-console-nmqv3worker-59786bdfb-hxdpg"",""_props"":{""TaskId"":""2d15e4fe-dfcf-45cc-ac61-5f6a98e2f492"",""SourceId"":"""",""JobName"":""ProductBadgeArchiveJob"",""GroupName"":""commerce-nmqv3.group1"",""CorrelationId"":""2d15e4fe-dfcf-45cc-ac61-5f6a98e2f492"",""LogRootPath"":""D:\\logs\\nmq""},""source"":""commerce-nmqv3-console-nmqv3worker-59786bdfb-hxdpg"",""kube_namespace"":""my-qa-commerce-nmqv3"",""kube_container_name"":""commerce-nmqv3-console-nmqv3worker""}",1710756818860561444,1710756818860561444_e399c321
"{""__tenant_id__"":""fake"",""container"":""commerce-nmqv3-console-nmqv3worker"",""service"":""my-qa-commerce-nmqv3""}",1710756817511,"{""time"":""2024-03-18T10:13:37.511308548Z"",""stream"":""stdout"",""_ts"":""2024-03-18T10:13:37.5112108Z"",""_msg"":""2024-03-18T10:13:37.5111502Z [Information] 成功取得角標商品頁列表，ProductBadgeId:73，API回傳數量:32"",""_lvl"":""Information"",""_srctx"":""NMQ.Core.Router.ProcessPool.WorkerProcessPool"",""_lt"":""Common"",""_hid"":""commerce-nmqv3-console-nmqv3worker-59786bdfb-hxdpg"",""_props"":{""TaskId"":""2d15e4fe-dfcf-45cc-ac61-5f6a98e2f492"",""SourceId"":"""",""JobName"":""ProductBadgeArchiveJob"",""GroupName"":""commerce-nmqv3.group1"",""CorrelationId"":""2d15e4fe-dfcf-45cc-ac61-5f6a98e2f492"",""LogRootPath"":""D:\\logs\\nmq""},""source"":""commerce-nmqv3-console-nmqv3worker-59786bdfb-hxdpg"",""kube_namespace"":""my-qa-commerce-nmqv3"",""kube_container_name"":""commerce-nmqv3-console-nmqv3worker""}",1710756817511308548,1710756817511308548_390bc409
"{""__tenant_id__"":""fake"",""container"":""commerce-nmqv3-console-nmqv3worker"",""service"":""my-qa-commerce-nmqv3""}",1710756817466,"{""time"":""2024-03-18T10:13:37.466114614Z"",""stream"":""stdout"",""_ts"":""2024-03-18T10:13:37.4660660Z"",""_msg"":""2024-03-18T10:13:37.4660180Z [Information] 正在處理角標ID 73"",""_lvl"":""Information"",""_srctx"":""NMQ.Core.Router.ProcessPool.WorkerProcessPool"",""_lt"":""Common"",""_hid"":""commerce-nmqv3-console-nmqv3worker-59786bdfb-hxdpg"",""_props"":{""TaskId"":""2d15e4fe-dfcf-45cc-ac61-5f6a98e2f492"",""SourceId"":"""",""JobName"":""ProductBadgeArchiveJob"",""GroupName"":""commerce-nmqv3.group1"",""CorrelationId"":""2d15e4fe-dfcf-45cc-ac61-5f6a98e2f492"",""LogRootPath"":""D:\\logs\\nmq""},""source"":""commerce-nmqv3-console-nmqv3worker-59786bdfb-hxdpg"",""kube_namespace"":""my-qa-commerce-nmqv3"",""kube_container_name"":""commerce-nmqv3-console-nmqv3worker""}",1710756817466114614,1710756817466114614_2f48d892
"{""__tenant_id__"":""fake"",""container"":""commerce-nmqv3-console-nmqv3worker"",""service"":""my-qa-commerce-nmqv3""}",1710756816645,"{""time"":""2024-03-18T10:13:36.645880887Z"",""stream"":""stdout"",""_ts"":""2024-03-18T10:13:36.6457539Z"",""_msg"":""2024-03-18T10:13:36.6456538Z [Information] 成功取得角標商品頁列表，ProductBadgeId:72，API回傳數量:32"",""_lvl"":""Information"",""_srctx"":""NMQ.Core.Router.ProcessPool.WorkerProcessPool"",""_lt"":""Common"",""_hid"":""commerce-nmqv3-console-nmqv3worker-59786bdfb-hxdpg"",""_props"":{""TaskId"":""2d15e4fe-dfcf-45cc-ac61-5f6a98e2f492"",""SourceId"":"""",""JobName"":""ProductBadgeArchiveJob"",""GroupName"":""commerce-nmqv3.group1"",""CorrelationId"":""2d15e4fe-dfcf-45cc-ac61-5f6a98e2f492"",""LogRootPath"":""D:\\logs\\nmq""},""source"":""commerce-nmqv3-console-nmqv3worker-59786bdfb-hxdpg"",""kube_namespace"":""my-qa-commerce-nmqv3"",""kube_container_name"":""commerce-nmqv3-console-nmqv3worker""}",1710756816645880887,1710756816645880887_5c39c971
"{""__tenant_id__"":""fake"",""container"":""commerce-nmqv3-console-nmqv3worker"",""service"":""my-qa-commerce-nmqv3""}",1710756816591,"{""time"":""2024-03-18T10:13:36.591163929Z"",""stream"":""stdout"",""_ts"":""2024-03-18T10:13:36.5911296Z"",""_msg"":""2024-03-18T10:13:36.5910689Z [Information] 正在處理角標ID 72"",""_lvl"":""Information"",""_srctx"":""NMQ.Core.Router.ProcessPool.WorkerProcessPool"",""_lt"":""Common"",""_hid"":""commerce-nmqv3-console-nmqv3worker-59786bdfb-hxdpg"",""_props"":{""TaskId"":""2d15e4fe-dfcf-45cc-ac61-5f6a98e2f492"",""SourceId"":"""",""JobName"":""ProductBadgeArchiveJob"",""GroupName"":""commerce-nmqv3.group1"",""CorrelationId"":""2d15e4fe-dfcf-45cc-ac61-5f6a98e2f492"",""LogRootPath"":""D:\\logs\\nmq""},""source"":""commerce-nmqv3-console-nmqv3worker-59786bdfb-hxdpg"",""kube_namespace"":""my-qa-commerce-nmqv3"",""kube_container_name"":""commerce-nmqv3-console-nmqv3worker""}",1710756816591163929,1710756816591163929_a7e58842
"{""__tenant_id__"":""fake"",""container"":""commerce-nmqv3-console-nmqv3worker"",""service"":""my-qa-commerce-nmqv3""}",1710756815773,"{""time"":""2024-03-18T10:13:35.773580008Z"",""stream"":""stdout"",""_ts"":""2024-03-18T10:13:35.7734062Z"",""_msg"":""2024-03-18T10:13:35.7733046Z [Information] 成功取得角標商品頁列表，ProductBadgeId:71，API回傳數量:32"",""_lvl"":""Information"",""_srctx"":""NMQ.Core.Router.ProcessPool.WorkerProcessPool"",""_lt"":""Common"",""_hid"":""commerce-nmqv3-console-nmqv3worker-59786bdfb-hxdpg"",""_props"":{""TaskId"":""2d15e4fe-dfcf-45cc-ac61-5f6a98e2f492"",""SourceId"":"""",""JobName"":""ProductBadgeArchiveJob"",""GroupName"":""commerce-nmqv3.group1"",""CorrelationId"":""2d15e4fe-dfcf-45cc-ac61-5f6a98e2f492"",""LogRootPath"":""D:\\logs\\nmq""},""source"":""commerce-nmqv3-console-nmqv3worker-59786bdfb-hxdpg"",""kube_namespace"":""my-qa-commerce-nmqv3"",""kube_container_name"":""commerce-nmqv3-console-nmqv3worker""}",1710756815773580008,1710756815773580008_318bf67a
"{""__tenant_id__"":""fake"",""container"":""commerce-nmqv3-console-nmqv3worker"",""service"":""my-qa-commerce-nmqv3""}",1710756815724,"{""time"":""2024-03-18T10:13:35.724637655Z"",""stream"":""stdout"",""_ts"":""2024-03-18T10:13:35.7245925Z"",""_msg"":""2024-03-18T10:13:35.7244868Z [Information] 正在處理角標ID 71"",""_lvl"":""Information"",""_srctx"":""NMQ.Core.Router.ProcessPool.WorkerProcessPool"",""_lt"":""Common"",""_hid"":""commerce-nmqv3-console-nmqv3worker-59786bdfb-hxdpg"",""_props"":{""TaskId"":""2d15e4fe-dfcf-45cc-ac61-5f6a98e2f492"",""SourceId"":"""",""JobName"":""ProductBadgeArchiveJob"",""GroupName"":""commerce-nmqv3.group1"",""CorrelationId"":""2d15e4fe-dfcf-45cc-ac61-5f6a98e2f492"",""LogRootPath"":""D:\\logs\\nmq""},""source"":""commerce-nmqv3-console-nmqv3worker-59786bdfb-hxdpg"",""kube_namespace"":""my-qa-commerce-nmqv3"",""kube_container_name"":""commerce-nmqv3-console-nmqv3worker""}",1710756815724637655,1710756815724637655_4c133a42
"{""__tenant_id__"":""fake"",""container"":""commerce-nmqv3-console-nmqv3worker"",""service"":""my-qa-commerce-nmqv3""}",1710756814849,"{""time"":""2024-03-18T10:13:34.849363957Z"",""stream"":""stdout"",""_ts"":""2024-03-18T10:13:34.8492264Z"",""_msg"":""2024-03-18T10:13:34.8490836Z [Information] 成功取得角標商品頁列表，ProductBadgeId:70，API回傳數量:32"",""_lvl"":""Information"",""_srctx"":""NMQ.Core.Router.ProcessPool.WorkerProcessPool"",""_lt"":""Common"",""_hid"":""commerce-nmqv3-console-nmqv3worker-59786bdfb-hxdpg"",""_props"":{""TaskId"":""2d15e4fe-dfcf-45cc-ac61-5f6a98e2f492"",""SourceId"":"""",""JobName"":""ProductBadgeArchiveJob"",""GroupName"":""commerce-nmqv3.group1"",""CorrelationId"":""2d15e4fe-dfcf-45cc-ac61-5f6a98e2f492"",""LogRootPath"":""D:\\logs\\nmq""},""source"":""commerce-nmqv3-console-nmqv3worker-59786bdfb-hxdpg"",""kube_namespace"":""my-qa-commerce-nmqv3"",""kube_container_name"":""commerce-nmqv3-console-nmqv3worker""}",1710756814849363957,1710756814849363957_15d99e9c
"{""__tenant_id__"":""fake"",""container"":""commerce-nmqv3-console-nmqv3worker"",""service"":""my-qa-commerce-nmqv3""}",1710756814801,"{""time"":""2024-03-18T10:13:34.801008218Z"",""stream"":""stdout"",""_ts"":""2024-03-18T10:13:34.8009761Z"",""_msg"":""2024-03-18T10:13:34.8009323Z [Information] 正在處理角標ID 70"",""_lvl"":""Information"",""_srctx"":""NMQ.Core.Router.ProcessPool.WorkerProcessPool"",""_lt"":""Common"",""_hid"":""commerce-nmqv3-console-nmqv3worker-59786bdfb-hxdpg"",""_props"":{""TaskId"":""2d15e4fe-dfcf-45cc-ac61-5f6a98e2f492"",""SourceId"":"""",""JobName"":""ProductBadgeArchiveJob"",""GroupName"":""commerce-nmqv3.group1"",""CorrelationId"":""2d15e4fe-dfcf-45cc-ac61-5f6a98e2f492"",""LogRootPath"":""D:\\logs\\nmq""},""source"":""commerce-nmqv3-console-nmqv3worker-59786bdfb-hxdpg"",""kube_namespace"":""my-qa-commerce-nmqv3"",""kube_container_name"":""commerce-nmqv3-console-nmqv3worker""}",1710756814801008218,1710756814801008218_4ea516e0
"{""__tenant_id__"":""fake"",""container"":""commerce-nmqv3-console-nmqv3worker"",""service"":""my-qa-commerce-nmqv3""}",1710756813924,"{""time"":""2024-03-18T10:13:33.92441467Z"",""stream"":""stdout"",""_ts"":""2024-03-18T10:13:33.9242716Z"",""_msg"":""2024-03-18T10:13:33.9241718Z [Information] 成功取得角標商品頁列表，ProductBadgeId:69，API回傳數量:32"",""_lvl"":""Information"",""_srctx"":""NMQ.Core.Router.ProcessPool.WorkerProcessPool"",""_lt"":""Common"",""_hid"":""commerce-nmqv3-console-nmqv3worker-59786bdfb-hxdpg"",""_props"":{""TaskId"":""2d15e4fe-dfcf-45cc-ac61-5f6a98e2f492"",""SourceId"":"""",""JobName"":""ProductBadgeArchiveJob"",""GroupName"":""commerce-nmqv3.group1"",""CorrelationId"":""2d15e4fe-dfcf-45cc-ac61-5f6a98e2f492"",""LogRootPath"":""D:\\logs\\nmq""},""source"":""commerce-nmqv3-console-nmqv3worker-59786bdfb-hxdpg"",""kube_namespace"":""my-qa-commerce-nmqv3"",""kube_container_name"":""commerce-nmqv3-console-nmqv3worker""}",1710756813924414670,1710756813924414670_a26fa09e
"{""__tenant_id__"":""fake"",""container"":""commerce-nmqv3-console-nmqv3worker"",""service"":""my-qa-commerce-nmqv3""}",1710756813876,"{""time"":""2024-03-18T10:13:33.876600812Z"",""stream"":""stdout"",""_ts"":""2024-03-18T10:13:33.8765660Z"",""_msg"":""2024-03-18T10:13:33.8764993Z [Information] 正在處理角標ID 69"",""_lvl"":""Information"",""_srctx"":""NMQ.Core.Router.ProcessPool.WorkerProcessPool"",""_lt"":""Common"",""_hid"":""commerce-nmqv3-console-nmqv3worker-59786bdfb-hxdpg"",""_props"":{""TaskId"":""2d15e4fe-dfcf-45cc-ac61-5f6a98e2f492"",""SourceId"":"""",""JobName"":""ProductBadgeArchiveJob"",""GroupName"":""commerce-nmqv3.group1"",""CorrelationId"":""2d15e4fe-dfcf-45cc-ac61-5f6a98e2f492"",""LogRootPath"":""D:\\logs\\nmq""},""source"":""commerce-nmqv3-console-nmqv3worker-59786bdfb-hxdpg"",""kube_namespace"":""my-qa-commerce-nmqv3"",""kube_container_name"":""commerce-nmqv3-console-nmqv3worker""}",1710756813876600812,1710756813876600812_19b30e0d
"{""__tenant_id__"":""fake"",""container"":""commerce-nmqv3-console-nmqv3worker"",""service"":""my-qa-commerce-nmqv3""}",1710756812896,"{""time"":""2024-03-18T10:13:32.896231243Z"",""stream"":""stdout"",""_ts"":""2024-03-18T10:13:32.8960757Z"",""_msg"":""2024-03-18T10:13:32.8959827Z [Information] 成功取得角標商品頁列表，ProductBadgeId:68，API回傳數量:32"",""_lvl"":""Information"",""_srctx"":""NMQ.Core.Router.ProcessPool.WorkerProcessPool"",""_lt"":""Common"",""_hid"":""commerce-nmqv3-console-nmqv3worker-59786bdfb-hxdpg"",""_props"":{""TaskId"":""2d15e4fe-dfcf-45cc-ac61-5f6a98e2f492"",""SourceId"":"""",""JobName"":""ProductBadgeArchiveJob"",""GroupName"":""commerce-nmqv3.group1"",""CorrelationId"":""2d15e4fe-dfcf-45cc-ac61-5f6a98e2f492"",""LogRootPath"":""D:\\logs\\nmq""},""source"":""commerce-nmqv3-console-nmqv3worker-59786bdfb-hxdpg"",""kube_namespace"":""my-qa-commerce-nmqv3"",""kube_container_name"":""commerce-nmqv3-console-nmqv3worker""}",1710756812896231243,1710756812896231243_2b266b84
"{""__tenant_id__"":""fake"",""container"":""commerce-nmqv3-console-nmqv3worker"",""service"":""my-qa-commerce-nmqv3""}",1710756812837,"{""time"":""2024-03-18T10:13:32.837793299Z"",""stream"":""stdout"",""_ts"":""2024-03-18T10:13:32.8377447Z"",""_msg"":""2024-03-18T10:13:32.8376973Z [Information] 正在處理角標ID 68"",""_lvl"":""Information"",""_srctx"":""NMQ.Core.Router.ProcessPool.WorkerProcessPool"",""_lt"":""Common"",""_hid"":""commerce-nmqv3-console-nmqv3worker-59786bdfb-hxdpg"",""_props"":{""TaskId"":""2d15e4fe-dfcf-45cc-ac61-5f6a98e2f492"",""SourceId"":"""",""JobName"":""ProductBadgeArchiveJob"",""GroupName"":""commerce-nmqv3.group1"",""CorrelationId"":""2d15e4fe-dfcf-45cc-ac61-5f6a98e2f492"",""LogRootPath"":""D:\\logs\\nmq""},""source"":""commerce-nmqv3-console-nmqv3worker-59786bdfb-hxdpg"",""kube_namespace"":""my-qa-commerce-nmqv3"",""kube_container_name"":""commerce-nmqv3-console-nmqv3worker""}",1710756812837793299,1710756812837793299_a9811d95
"{""__tenant_id__"":""fake"",""container"":""commerce-nmqv3-console-nmqv3worker"",""service"":""my-qa-commerce-nmqv3""}",1710756811771,"{""time"":""2024-03-18T10:13:31.771621599Z"",""stream"":""stdout"",""_ts"":""2024-03-18T10:13:31.7714716Z"",""_msg"":""2024-03-18T10:13:31.7713598Z [Information] 成功取得角標商品頁列表，ProductBadgeId:67，API回傳數量:32"",""_lvl"":""Information"",""_srctx"":""NMQ.Core.Router.ProcessPool.WorkerProcessPool"",""_lt"":""Common"",""_hid"":""commerce-nmqv3-console-nmqv3worker-59786bdfb-hxdpg"",""_props"":{""TaskId"":""2d15e4fe-dfcf-45cc-ac61-5f6a98e2f492"",""SourceId"":"""",""JobName"":""ProductBadgeArchiveJob"",""GroupName"":""commerce-nmqv3.group1"",""CorrelationId"":""2d15e4fe-dfcf-45cc-ac61-5f6a98e2f492"",""LogRootPath"":""D:\\logs\\nmq""},""source"":""commerce-nmqv3-console-nmqv3worker-59786bdfb-hxdpg"",""kube_namespace"":""my-qa-commerce-nmqv3"",""kube_container_name"":""commerce-nmqv3-console-nmqv3worker""}",1710756811771621599,1710756811771621599_a6c63798
"{""__tenant_id__"":""fake"",""container"":""commerce-nmqv3-console-nmqv3worker"",""service"":""my-qa-commerce-nmqv3""}",1710756811715,"{""time"":""2024-03-18T10:13:31.715679406Z"",""stream"":""stdout"",""_ts"":""2024-03-18T10:13:31.7156464Z"",""_msg"":""2024-03-18T10:13:31.7155999Z [Information] 正在處理角標ID 67"",""_lvl"":""Information"",""_srctx"":""NMQ.Core.Router.ProcessPool.WorkerProcessPool"",""_lt"":""Common"",""_hid"":""commerce-nmqv3-console-nmqv3worker-59786bdfb-hxdpg"",""_props"":{""TaskId"":""2d15e4fe-dfcf-45cc-ac61-5f6a98e2f492"",""SourceId"":"""",""JobName"":""ProductBadgeArchiveJob"",""GroupName"":""commerce-nmqv3.group1"",""CorrelationId"":""2d15e4fe-dfcf-45cc-ac61-5f6a98e2f492"",""LogRootPath"":""D:\\logs\\nmq""},""source"":""commerce-nmqv3-console-nmqv3worker-59786bdfb-hxdpg"",""kube_namespace"":""my-qa-commerce-nmqv3"",""kube_container_name"":""commerce-nmqv3-console-nmqv3worker""}",1710756811715679406,1710756811715679406_43794a0a
"{""__tenant_id__"":""fake"",""container"":""commerce-nmqv3-console-nmqv3worker"",""service"":""my-qa-commerce-nmqv3""}",1710756810726,"{""time"":""2024-03-18T10:13:30.726788531Z"",""stream"":""stdout"",""_ts"":""2024-03-18T10:13:30.7266469Z"",""_msg"":""2024-03-18T10:13:30.7265664Z [Information] 成功取得角標商品頁列表，ProductBadgeId:66，API回傳數量:32"",""_lvl"":""Information"",""_srctx"":""NMQ.Core.Router.ProcessPool.WorkerProcessPool"",""_lt"":""Common"",""_hid"":""commerce-nmqv3-console-nmqv3worker-59786bdfb-hxdpg"",""_props"":{""TaskId"":""2d15e4fe-dfcf-45cc-ac61-5f6a98e2f492"",""SourceId"":"""",""JobName"":""ProductBadgeArchiveJob"",""GroupName"":""commerce-nmqv3.group1"",""CorrelationId"":""2d15e4fe-dfcf-45cc-ac61-5f6a98e2f492"",""LogRootPath"":""D:\\logs\\nmq""},""source"":""commerce-nmqv3-console-nmqv3worker-59786bdfb-hxdpg"",""kube_namespace"":""my-qa-commerce-nmqv3"",""kube_container_name"":""commerce-nmqv3-console-nmqv3worker""}",1710756810726788531,1710756810726788531_ed213b87
"{""__tenant_id__"":""fake"",""container"":""commerce-nmqv3-console-nmqv3worker"",""service"":""my-qa-commerce-nmqv3""}",1710756810675,"{""time"":""2024-03-18T10:13:30.67516063Z"",""stream"":""stdout"",""_ts"":""2024-03-18T10:13:30.6751222Z"",""_msg"":""2024-03-18T10:13:30.6750553Z [Information] 正在處理角標ID 66"",""_lvl"":""Information"",""_srctx"":""NMQ.Core.Router.ProcessPool.WorkerProcessPool"",""_lt"":""Common"",""_hid"":""commerce-nmqv3-console-nmqv3worker-59786bdfb-hxdpg"",""_props"":{""TaskId"":""2d15e4fe-dfcf-45cc-ac61-5f6a98e2f492"",""SourceId"":"""",""JobName"":""ProductBadgeArchiveJob"",""GroupName"":""commerce-nmqv3.group1"",""CorrelationId"":""2d15e4fe-dfcf-45cc-ac61-5f6a98e2f492"",""LogRootPath"":""D:\\logs\\nmq""},""source"":""commerce-nmqv3-console-nmqv3worker-59786bdfb-hxdpg"",""kube_namespace"":""my-qa-commerce-nmqv3"",""kube_container_name"":""commerce-nmqv3-console-nmqv3worker""}",1710756810675160630,1710756810675160630_36df953d
"{""__tenant_id__"":""fake"",""container"":""commerce-nmqv3-console-nmqv3worker"",""service"":""my-qa-commerce-nmqv3""}",1710756809746,"{""time"":""2024-03-18T10:13:29.746238427Z"",""stream"":""stdout"",""_ts"":""2024-03-18T10:13:29.7461162Z"",""_msg"":""2024-03-18T10:13:29.7460054Z [Information] 成功取得角標商品頁列表，ProductBadgeId:65，API回傳數量:32"",""_lvl"":""Information"",""_srctx"":""NMQ.Core.Router.ProcessPool.WorkerProcessPool"",""_lt"":""Common"",""_hid"":""commerce-nmqv3-console-nmqv3worker-59786bdfb-hxdpg"",""_props"":{""TaskId"":""2d15e4fe-dfcf-45cc-ac61-5f6a98e2f492"",""SourceId"":"""",""JobName"":""ProductBadgeArchiveJob"",""GroupName"":""commerce-nmqv3.group1"",""CorrelationId"":""2d15e4fe-dfcf-45cc-ac61-5f6a98e2f492"",""LogRootPath"":""D:\\logs\\nmq""},""source"":""commerce-nmqv3-console-nmqv3worker-59786bdfb-hxdpg"",""kube_namespace"":""my-qa-commerce-nmqv3"",""kube_container_name"":""commerce-nmqv3-console-nmqv3worker""}",1710756809746238427,1710756809746238427_c2d4fa15
"{""__tenant_id__"":""fake"",""container"":""commerce-nmqv3-console-nmqv3worker"",""service"":""my-qa-commerce-nmqv3""}",1710756809681,"{""time"":""2024-03-18T10:13:29.68151174Z"",""stream"":""stdout"",""_ts"":""2024-03-18T10:13:29.6814651Z"",""_msg"":""2024-03-18T10:13:29.6812841Z [Information] 正在處理角標ID 65"",""_lvl"":""Information"",""_srctx"":""NMQ.Core.Router.ProcessPool.WorkerProcessPool"",""_lt"":""Common"",""_hid"":""commerce-nmqv3-console-nmqv3worker-59786bdfb-hxdpg"",""_props"":{""TaskId"":""2d15e4fe-dfcf-45cc-ac61-5f6a98e2f492"",""SourceId"":"""",""JobName"":""ProductBadgeArchiveJob"",""GroupName"":""commerce-nmqv3.group1"",""CorrelationId"":""2d15e4fe-dfcf-45cc-ac61-5f6a98e2f492"",""LogRootPath"":""D:\\logs\\nmq""},""source"":""commerce-nmqv3-console-nmqv3worker-59786bdfb-hxdpg"",""kube_namespace"":""my-qa-commerce-nmqv3"",""kube_container_name"":""commerce-nmqv3-console-nmqv3worker""}",1710756809681511740,1710756809681511740_6580ae22
"{""__tenant_id__"":""fake"",""container"":""commerce-nmqv3-console-nmqv3worker"",""service"":""my-qa-commerce-nmqv3""}",1710756808819,"{""time"":""2024-03-18T10:13:28.819457492Z"",""stream"":""stdout"",""_ts"":""2024-03-18T10:13:28.8192719Z"",""_msg"":""2024-03-18T10:13:28.8191515Z [Information] 成功取得角標商品頁列表，ProductBadgeId:64，API回傳數量:32"",""_lvl"":""Information"",""_srctx"":""NMQ.Core.Router.ProcessPool.WorkerProcessPool"",""_lt"":""Common"",""_hid"":""commerce-nmqv3-console-nmqv3worker-59786bdfb-hxdpg"",""_props"":{""TaskId"":""2d15e4fe-dfcf-45cc-ac61-5f6a98e2f492"",""SourceId"":"""",""JobName"":""ProductBadgeArchiveJob"",""GroupName"":""commerce-nmqv3.group1"",""CorrelationId"":""2d15e4fe-dfcf-45cc-ac61-5f6a98e2f492"",""LogRootPath"":""D:\\logs\\nmq""},""source"":""commerce-nmqv3-console-nmqv3worker-59786bdfb-hxdpg"",""kube_namespace"":""my-qa-commerce-nmqv3"",""kube_container_name"":""commerce-nmqv3-console-nmqv3worker""}",1710756808819457492,1710756808819457492_8273ddf9
"{""__tenant_id__"":""fake"",""container"":""commerce-nmqv3-console-nmqv3worker"",""service"":""my-qa-commerce-nmqv3""}",1710756808765,"{""time"":""2024-03-18T10:13:28.765075523Z"",""stream"":""stdout"",""_ts"":""2024-03-18T10:13:28.7650389Z"",""_msg"":""2024-03-18T10:13:28.7649420Z [Information] 正在處理角標ID 64"",""_lvl"":""Information"",""_srctx"":""NMQ.Core.Router.ProcessPool.WorkerProcessPool"",""_lt"":""Common"",""_hid"":""commerce-nmqv3-console-nmqv3worker-59786bdfb-hxdpg"",""_props"":{""TaskId"":""2d15e4fe-dfcf-45cc-ac61-5f6a98e2f492"",""SourceId"":"""",""JobName"":""ProductBadgeArchiveJob"",""GroupName"":""commerce-nmqv3.group1"",""CorrelationId"":""2d15e4fe-dfcf-45cc-ac61-5f6a98e2f492"",""LogRootPath"":""D:\\logs\\nmq""},""source"":""commerce-nmqv3-console-nmqv3worker-59786bdfb-hxdpg"",""kube_namespace"":""my-qa-commerce-nmqv3"",""kube_container_name"":""commerce-nmqv3-console-nmqv3worker""}",1710756808765075523,1710756808765075523_f92f0e58
"{""__tenant_id__"":""fake"",""container"":""commerce-nmqv3-console-nmqv3worker"",""service"":""my-qa-commerce-nmqv3""}",1710756807849,"{""time"":""2024-03-18T10:13:27.849821794Z"",""stream"":""stdout"",""_ts"":""2024-03-18T10:13:27.8496972Z"",""_msg"":""2024-03-18T10:13:27.8495960Z [Information] 成功取得角標商品頁列表，ProductBadgeId:63，API回傳數量:32"",""_lvl"":""Information"",""_srctx"":""NMQ.Core.Router.ProcessPool.WorkerProcessPool"",""_lt"":""Common"",""_hid"":""commerce-nmqv3-console-nmqv3worker-59786bdfb-hxdpg"",""_props"":{""TaskId"":""2d15e4fe-dfcf-45cc-ac61-5f6a98e2f492"",""SourceId"":"""",""JobName"":""ProductBadgeArchiveJob"",""GroupName"":""commerce-nmqv3.group1"",""CorrelationId"":""2d15e4fe-dfcf-45cc-ac61-5f6a98e2f492"",""LogRootPath"":""D:\\logs\\nmq""},""source"":""commerce-nmqv3-console-nmqv3worker-59786bdfb-hxdpg"",""kube_namespace"":""my-qa-commerce-nmqv3"",""kube_container_name"":""commerce-nmqv3-console-nmqv3worker""}",1710756807849821794,1710756807849821794_8fb4246f
"{""__tenant_id__"":""fake"",""container"":""commerce-nmqv3-console-nmqv3worker"",""service"":""my-qa-commerce-nmqv3""}",1710756807800,"{""time"":""2024-03-18T10:13:27.800512594Z"",""stream"":""stdout"",""_ts"":""2024-03-18T10:13:27.8004777Z"",""_msg"":""2024-03-18T10:13:27.8004190Z [Information] 正在處理角標ID 63"",""_lvl"":""Information"",""_srctx"":""NMQ.Core.Router.ProcessPool.WorkerProcessPool"",""_lt"":""Common"",""_hid"":""commerce-nmqv3-console-nmqv3worker-59786bdfb-hxdpg"",""_props"":{""TaskId"":""2d15e4fe-dfcf-45cc-ac61-5f6a98e2f492"",""SourceId"":"""",""JobName"":""ProductBadgeArchiveJob"",""GroupName"":""commerce-nmqv3.group1"",""CorrelationId"":""2d15e4fe-dfcf-45cc-ac61-5f6a98e2f492"",""LogRootPath"":""D:\\logs\\nmq""},""source"":""commerce-nmqv3-console-nmqv3worker-59786bdfb-hxdpg"",""kube_namespace"":""my-qa-commerce-nmqv3"",""kube_container_name"":""commerce-nmqv3-console-nmqv3worker""}",1710756807800512594,1710756807800512594_12149e71
"{""__tenant_id__"":""fake"",""container"":""commerce-nmqv3-console-nmqv3worker"",""service"":""my-qa-commerce-nmqv3""}",1710756806875,"{""time"":""2024-03-18T10:13:26.875712863Z"",""stream"":""stdout"",""_ts"":""2024-03-18T10:13:26.8756178Z"",""_msg"":""2024-03-18T10:13:26.8755489Z [Information] 成功取得角標商品頁列表，ProductBadgeId:62，API回傳數量:32"",""_lvl"":""Information"",""_srctx"":""NMQ.Core.Router.ProcessPool.WorkerProcessPool"",""_lt"":""Common"",""_hid"":""commerce-nmqv3-console-nmqv3worker-59786bdfb-hxdpg"",""_props"":{""TaskId"":""2d15e4fe-dfcf-45cc-ac61-5f6a98e2f492"",""SourceId"":"""",""JobName"":""ProductBadgeArchiveJob"",""GroupName"":""commerce-nmqv3.group1"",""CorrelationId"":""2d15e4fe-dfcf-45cc-ac61-5f6a98e2f492"",""LogRootPath"":""D:\\logs\\nmq""},""source"":""commerce-nmqv3-console-nmqv3worker-59786bdfb-hxdpg"",""kube_namespace"":""my-qa-commerce-nmqv3"",""kube_container_name"":""commerce-nmqv3-console-nmqv3worker""}",1710756806875712863,1710756806875712863_3dfdc322
"{""__tenant_id__"":""fake"",""container"":""commerce-nmqv3-console-nmqv3worker"",""service"":""my-qa-commerce-nmqv3""}",1710756806828,"{""time"":""2024-03-18T10:13:26.828920074Z"",""stream"":""stdout"",""_ts"":""2024-03-18T10:13:26.8288852Z"",""_msg"":""2024-03-18T10:13:26.8288061Z [Information] 正在處理角標ID 62"",""_lvl"":""Information"",""_srctx"":""NMQ.Core.Router.ProcessPool.WorkerProcessPool"",""_lt"":""Common"",""_hid"":""commerce-nmqv3-console-nmqv3worker-59786bdfb-hxdpg"",""_props"":{""TaskId"":""2d15e4fe-dfcf-45cc-ac61-5f6a98e2f492"",""SourceId"":"""",""JobName"":""ProductBadgeArchiveJob"",""GroupName"":""commerce-nmqv3.group1"",""CorrelationId"":""2d15e4fe-dfcf-45cc-ac61-5f6a98e2f492"",""LogRootPath"":""D:\\logs\\nmq""},""source"":""commerce-nmqv3-console-nmqv3worker-59786bdfb-hxdpg"",""kube_namespace"":""my-qa-commerce-nmqv3"",""kube_container_name"":""commerce-nmqv3-console-nmqv3worker""}",1710756806828920074,1710756806828920074_ff0714a2
"{""__tenant_id__"":""fake"",""container"":""commerce-nmqv3-console-nmqv3worker"",""service"":""my-qa-commerce-nmqv3""}",1710756805733,"{""time"":""2024-03-18T10:13:25.733333146Z"",""stream"":""stdout"",""_ts"":""2024-03-18T10:13:25.7331843Z"",""_msg"":""2024-03-18T10:13:25.7330704Z [Information] 成功取得角標商品頁列表，ProductBadgeId:61，API回傳數量:32"",""_lvl"":""Information"",""_srctx"":""NMQ.Core.Router.ProcessPool.WorkerProcessPool"",""_lt"":""Common"",""_hid"":""commerce-nmqv3-console-nmqv3worker-59786bdfb-hxdpg"",""_props"":{""TaskId"":""2d15e4fe-dfcf-45cc-ac61-5f6a98e2f492"",""SourceId"":"""",""JobName"":""ProductBadgeArchiveJob"",""GroupName"":""commerce-nmqv3.group1"",""CorrelationId"":""2d15e4fe-dfcf-45cc-ac61-5f6a98e2f492"",""LogRootPath"":""D:\\logs\\nmq""},""source"":""commerce-nmqv3-console-nmqv3worker-59786bdfb-hxdpg"",""kube_namespace"":""my-qa-commerce-nmqv3"",""kube_container_name"":""commerce-nmqv3-console-nmqv3worker""}",1710756805733333146,1710756805733333146_dd3592cf
"{""__tenant_id__"":""fake"",""container"":""commerce-nmqv3-console-nmqv3worker"",""service"":""my-qa-commerce-nmqv3""}",1710756805664,"{""time"":""2024-03-18T10:13:25.664019808Z"",""stream"":""stdout"",""_ts"":""2024-03-18T10:13:25.6639566Z"",""_msg"":""2024-03-18T10:13:25.6635927Z [Information] 正在處理角標ID 61"",""_lvl"":""Information"",""_srctx"":""NMQ.Core.Router.ProcessPool.WorkerProcessPool"",""_lt"":""Common"",""_hid"":""commerce-nmqv3-console-nmqv3worker-59786bdfb-hxdpg"",""_props"":{""TaskId"":""2d15e4fe-dfcf-45cc-ac61-5f6a98e2f492"",""SourceId"":"""",""JobName"":""ProductBadgeArchiveJob"",""GroupName"":""commerce-nmqv3.group1"",""CorrelationId"":""2d15e4fe-dfcf-45cc-ac61-5f6a98e2f492"",""LogRootPath"":""D:\\logs\\nmq""},""source"":""commerce-nmqv3-console-nmqv3worker-59786bdfb-hxdpg"",""kube_namespace"":""my-qa-commerce-nmqv3"",""kube_container_name"":""commerce-nmqv3-console-nmqv3worker""}",1710756805664019808,1710756805664019808_226d479f
"{""__tenant_id__"":""fake"",""container"":""commerce-nmqv3-console-nmqv3worker"",""service"":""my-qa-commerce-nmqv3""}",1710756803137,"{""time"":""2024-03-18T10:13:23.137910964Z"",""stream"":""stdout"",""_ts"":""2024-03-18T10:13:23.1377636Z"",""_msg"":""2024-03-18T10:13:23.1376142Z [Information] 成功取得角標商品頁列表，ProductBadgeId:60，API回傳數量:32"",""_lvl"":""Information"",""_srctx"":""NMQ.Core.Router.ProcessPool.WorkerProcessPool"",""_lt"":""Common"",""_hid"":""commerce-nmqv3-console-nmqv3worker-59786bdfb-hxdpg"",""_props"":{""TaskId"":""2d15e4fe-dfcf-45cc-ac61-5f6a98e2f492"",""SourceId"":"""",""JobName"":""ProductBadgeArchiveJob"",""GroupName"":""commerce-nmqv3.group1"",""CorrelationId"":""2d15e4fe-dfcf-45cc-ac61-5f6a98e2f492"",""LogRootPath"":""D:\\logs\\nmq""},""source"":""commerce-nmqv3-console-nmqv3worker-59786bdfb-hxdpg"",""kube_namespace"":""my-qa-commerce-nmqv3"",""kube_container_name"":""commerce-nmqv3-console-nmqv3worker""}",1710756803137910964,1710756803137910964_86f4abf9
"{""__tenant_id__"":""fake"",""container"":""commerce-nmqv3-console-nmqv3worker"",""service"":""my-qa-commerce-nmqv3""}",1710756801875,"{""time"":""2024-03-18T10:13:21.875676587Z"",""stream"":""stdout"",""_ts"":""2024-03-18T10:13:21.8755983Z"",""_msg"":""2024-03-18T10:13:21.8754098Z [Information] 正在處理角標ID 60"",""_lvl"":""Information"",""_srctx"":""NMQ.Core.Router.ProcessPool.WorkerProcessPool"",""_lt"":""Common"",""_hid"":""commerce-nmqv3-console-nmqv3worker-59786bdfb-hxdpg"",""_props"":{""TaskId"":""2d15e4fe-dfcf-45cc-ac61-5f6a98e2f492"",""SourceId"":"""",""JobName"":""ProductBadgeArchiveJob"",""GroupName"":""commerce-nmqv3.group1"",""CorrelationId"":""2d15e4fe-dfcf-45cc-ac61-5f6a98e2f492"",""LogRootPath"":""D:\\logs\\nmq""},""source"":""commerce-nmqv3-console-nmqv3worker-59786bdfb-hxdpg"",""kube_namespace"":""my-qa-commerce-nmqv3"",""kube_container_name"":""commerce-nmqv3-console-nmqv3worker""}",1710756801875676587,1710756801875676587_6ed7c19c